tweet_id,location
ID_1001154804658286592,Unknown
ID_1001155505459486720,Ellicott City Maryland
ID_1001155756371136512,Ellicott City Maryland
ID_1001159445194399744,Ellicott City Maryland
ID_1001164907587538944,Ellicott City Maryland
ID_1001178904617476096,Maryland
ID_1001179909245587456,Maryland
ID_1001180876548591616,Ellicott City Maryland
ID_1001182906130280448,Unknown
ID_1001185240256311296,Ellicott City Maryland
ID_1001192363719618560,Maryland
ID_1001193418113118208,Unknown
ID_1001199521228042240,Maryland
ID_1001206304793296896,Maryland
ID_1001209276826779648,Maryland
ID_1001211097620369408,Maryland
ID_1001212592868671488,Ellicott City Maryland
ID_1001226873404379136,Maryland
ID_1001231665606414336,Ellicott City Maryland
ID_1001232053893988352,Ellicott City Maryland
ID_1001236424891469824,Ellicott City Maryland
ID_1001241227818405888,Maryland
ID_1001243494701195264,Ellicott City Maryland
ID_1001251398510612480,Maryland
ID_1001269150600212480,Maryland
ID_1001289525270757376,Maryland
ID_1001289928385449984,Ellicott City Maryland
ID_1001323647695507456,Ellicott City Maryland
ID_1001336319732277248,Ellicott City Maryland
ID_1001371607598878720,Maryland
ID_1001376222251712512,Maryland
ID_1001387352542076928,Maryland
ID_1001394889974743040,Maryland
ID_1001409689974902784,Ellicott City Maryland
ID_1001421891322695680,Maryland
ID_1001432796978667520,Maryland
ID_1001446202796277760,Unknown
ID_1001447886582960128,Ellicott City Maryland
ID_1001448334773575680,Maryland
ID_1001453284400484352,Unknown
ID_1001456447245336576,Ellicott City Maryland
ID_1001460350691172352,Ellicott City Maryland
ID_1001477538525331456,Ellicott City Maryland
ID_1001482893028397056,Maryland
ID_1001498151981793280,Maryland
ID_1001506483849359360,Unknown
ID_1001508059829751808,Ellicott City Maryland
ID_1001514373205151744,Ellicott City Maryland
ID_1001514826198220800,Ellicott City Maryland
ID_1001532394950877184,Maryland
ID_1001568880941326336,Maryland
ID_1001574904729350144,Unknown
ID_1001579615192846336,Unknown
ID_1001703259265003520,Maryland
ID_1001720092722376704,Unknown
ID_1001821646007697408,Unknown
ID_1001835900400218112,Unknown
ID_1001844796875530240,Unknown
ID_1001863567241613312,Ellicott City Maryland
ID_1001879962394050560,Unknown
ID_1002189162412376064,Maryland
ID_1002208017083969536,Unknown
ID_1002279312312229888,Unknown
ID_1002279603241615360,Unknown
ID_1002297742004285440,Unknown
ID_1002537368207986688,Maryland
ID_1002872971277553664,Unknown
ID_1002964603213496320,Unknown
ID_1002978325269286912,Unknown
ID_1003648875402547200,Maryland
ID_1003861851115941888,Ellicott City Maryland
ID_1004035240384499712,Maryland
ID_1004054229462503424,Maryland
ID_1021700755617656832,Greece
ID_1021707450230161408,Greece
ID_1021722772849020928,Greece
ID_1021722786316935168,Unknown
ID_1021726922387189760,Greece
ID_1021727469555146752,Unknown
ID_1021728992666312704,Greece
ID_1021729339451289600,Greece
ID_1021730969617936384,Greece
ID_1021735975863689216,Unknown
ID_1021739031426727936,Unknown
ID_1021741722815143936,Greece
ID_1021743779257217024,Greece
ID_1021744433509933056,Greece
ID_1021749465579970560,Greece
ID_1021749744262160384,Greece
ID_1021750356877946880,Greece
ID_1021760111520489472,Greece
ID_1021762270253199360,Unknown
ID_1021764703935188992,Greece
ID_1021765598831960064,Greece
ID_1021765968039735296,Unknown
ID_1021767461149044736,Unknown
ID_1021768115112370176,Greece
ID_1021768291235385344,Unknown
ID_1021771133379600384,Greece
ID_1021774190263844864,Greece
ID_1021775991432273920,Unknown
ID_1021782292971368448,Greece
ID_1021787547721187328,Unknown
ID_1021787682677112832,Greece
ID_1021796962851598336,Greece
ID_1021797088617816064,Greece
ID_1021799419681878016,Unknown
ID_1021818401268936704,Unknown
ID_1021819738291425280,Greece
ID_1021822509505802240,Greece
ID_1021823520173699072,Greece
ID_1021830423146622976,Unknown
ID_1021837585780498432,Greece
ID_1021841893179760640,Greece
ID_1021843055756959744,Unknown
ID_1021845215785754624,Unknown
ID_1021857683438284800,Greece
ID_1021859768841986048,Greece
ID_1021860654033104896,Greece
ID_1021860820630884352,Greece
ID_1021861976484573184,Unknown
ID_1021874833204891648,Unknown
ID_1021888418228445184,Greece
ID_1021888772785561600,Greece
ID_1021905507014111232,Greece
ID_1021906800201883648,Unknown
ID_1021909352247115776,Greece
ID_1021943095800356864,Unknown
ID_1021993240474669056,Greece
ID_1022018968503107584,Greece
ID_1022022067397509120,Unknown
ID_1022025636230168576,Greece
ID_1022042144087912448,Greece
ID_1022048431072862208,Greece
ID_1022048685369319424,Greece
ID_1022052815122952192,Unknown
ID_1022061287960977408,Greece
ID_1022074062066081792,Greece
ID_1022074311685877760,Greece
ID_1022076968286789632,Unknown
ID_1022078727822422016,Greece
ID_1022099514021367808,Greece
ID_1022101810461519872,Greece
ID_1022102229271109632,Unknown
ID_1022102900800217088,Unknown
ID_1022114377976176640,Greece
ID_1022121627700604928,Unknown
ID_1022137480903045120,Greece
ID_1022138375590080512,Greece
ID_1022145829107388416,Greece
ID_1022163300723949568,Unknown
ID_1022166211927449600,Unknown
ID_1022167215309836288,Greece
ID_1022207860128866304,Greece
ID_1022215095785582592,Unknown
ID_1022220222466600960,Greece
ID_1022233104038223872,Unknown
ID_1022240513607524352,Greece
ID_1022242256894537728,Greece
ID_1022259118638342144,Greece
ID_1022266107045003264,Greece
ID_1022279102068391936,Greece
ID_1022294209116741632,Greece
ID_1022365892582301696,Unknown
ID_1022370199855620096,Unknown
ID_1022371018768375808,Greece
ID_1022378274909970432,Unknown
ID_1022434022977413120,Greece
ID_1022434120000065536,Unknown
ID_1022438756891148288,Unknown
ID_1022461309324079104,Unknown
ID_1022469157428908032,Greece
ID_1022472933908930560,Greece
ID_1022508229631324160,Greece
ID_1022517049476767744,Greece
ID_1022559822456258560,Greece
ID_1022574229013848064,Greece
ID_1022576581246640128,Greece
ID_1022580641479778304,Greece
ID_1022612558405087232,Greece
ID_1022613566657122304,Greece
ID_1022779648122466304,Greece
ID_1022801548089466880,Greece
ID_1022802090211651584,Greece
ID_1022821632329633792,Greece
ID_1022826065398521856,Unknown
ID_1022892578054787072,Unknown
ID_1022912729374437376,Athens
ID_1022919610860019712,Unknown
ID_1022940890174840832,Unknown
ID_1022966510602670080,Greece
ID_1022968008598347776,Greece
ID_1022968849694633984,Unknown
ID_1023098760572923904,Unknown
ID_1023109807258128384,Unknown
ID_1023111663611011072,Unknown
ID_1023165657465217024,Greece
ID_1023172842484051968,Greece
ID_1023196514242445312,Greece
ID_1023255494385967104,Unknown
ID_1023255830723014656,Greece
ID_1023273626588643328,Greece
ID_1023284608471912448,Greece
ID_1023296495896993792,Greece
ID_1023297525351149568,Greece
ID_1023299765377933312,Greece
ID_1023439251655077888,Unknown
ID_1023597514665152512,Unknown
ID_1023621815447564288,Greece
ID_1023682214104584192,Greece
ID_1023739545878228992,Greece
ID_1023874745157083136,Unknown
ID_1023969388091912192,Greece
ID_1024151199937900544,Greece
ID_1024156657826390016,Greece
ID_1024170369375199232,Greece
ID_1024256164635262976,Greece
ID_1024257445990944768,Greece
ID_1024266991379599360,Greece
ID_1024726142891290624,Greece
ID_1025187487700934656,Greece
ID_1025539071009906688,Unknown
ID_1025569659809083392,Greece Athens
ID_1025811998255337472,Unknown
ID_1026281552601395200,Unknown
ID_1027374598222958592,Greece
ID_1027868512457580544,Unknown
ID_1028212025221103616,Unknown
ID_1028234340474515456,Unknown
ID_1028319339420819456,Greece
ID_1028556269530095616,Greece
ID_1029201081312657408,Greece
ID_1029442958599311360,Unknown
ID_1029497768438587392,Greece
ID_1030384006641082368,Unknown
ID_1030390856786763776,Kerala
ID_1030391377585008640,Unknown
ID_1030395234222407680,Kerala
ID_1030396033740636160,Unknown
ID_1030396263991193600,Kerala
ID_1030400069516767232,Kerala
ID_1030400872478519296,Kerala
ID_1030405122872893440,Kerala
ID_1030412580182020096,Unknown
ID_1030413084530114560,Unknown
ID_1030415863311003648,Kerala
ID_1030618258108366848,Florida
ID_1030714396027367424,Kerala
ID_1030719115848167424,Kerala
ID_1030719857447206912,Unknown
ID_1030723616487292928,Kerala
ID_1030730701157490688,Unknown
ID_1030736110694158336,Kerala
ID_1030739855897255936,Unknown
ID_1030740612587315200,Kerala
ID_1030740752697946112,Unknown
ID_1030744784170713088,Kerala
ID_1030750137608482816,Unknown
ID_1030751677618384896,Unknown
ID_1030756151330320384,Kerala
ID_1030761481527275520,Unknown
ID_1030767692846780416,Kerala
ID_1030778998643728384,Kerala
ID_1030779030067441664,Kerala
ID_1030785952963121152,Kerala
ID_1030793956831911936,Unknown
ID_1030801702755004416,Kerala
ID_1030821624390373376,Kerala
ID_1030822509195743232,Kerala
ID_1030834611851612160,Kerala
ID_1030843777177591808,Kerala
ID_1030847037741453312,Unknown
ID_1030847703305998336,Unknown
ID_1030848115450900480,Kerala
ID_1030875655754285056,Kerala
ID_1030876594439475200,Unknown
ID_1030876806662959104,Kerala
ID_1030889417282650112,Kerala
ID_1030902593466167296,Unknown
ID_1030948748506161152,Kerala
ID_1030965090382753792,Kerala
ID_1030975134318977024,Kerala
ID_1030984222759165952,Unknown
ID_1030990647816151040,Kerala
ID_1031032542122598400,Unknown
ID_1031045983747096576,Unknown
ID_1031046402879709184,Kerala
ID_1031047154381533184,Kerala
ID_1031047442341482496,Kerala
ID_1031058768514220032,Unknown
ID_1031059089621536768,Kerala
ID_1031059583966445568,Kerala
ID_1031067487218098176,Kerala
ID_1031071785616203776,Kerala
ID_1031082208822476800,Kerala
ID_1031082800458461184,Kerala
ID_1031093958091268096,Unknown
ID_1031106546472648704,Kerala
ID_1031117761127149568,Kerala
ID_1031221022505283584,Unknown
ID_1031380345793466368,Unknown
ID_1031398750604935168,Kerala
ID_1031422868062707712,Unknown
ID_1031436382525382656,Kerala
ID_1031445863116111872,Unknown
ID_1031451218005184512,Unknown
ID_1031476760037081088,Unknown
ID_1031500685420965888,Unknown
ID_1031500990275567616,Kerala
ID_1031516946746028032,Kerala
ID_1031517191122767872,Unknown
ID_1031520557064486912,Kerala
ID_1031530674707152896,Kerala
ID_1031532631861747712,Kerala
ID_1031552407942119424,Unknown
ID_1031578576162709504,Unknown
ID_1031588197963247616,Kerala
ID_1031734975350091776,Unknown
ID_1031770111332372480,Kerala
ID_1031800864585998336,Kerala
ID_1031814520849752064,Unknown
ID_1031850598369386496,Kerala
ID_1032065411985039360,Kerala
ID_1032105787152187392,Kerala
ID_1032110310469984256,Kerala
ID_1032133016594915328,Unknown
ID_1032134106639814656,Unknown
ID_1032135241714917376,Unknown
ID_1032171086467788800,Unknown
ID_1032171427535806464,Unknown
ID_1032183167430615040,Kerala
ID_1032202248284041216,Kerala
ID_1032217844015083520,Kerala
ID_1032219887530328064,Kerala
ID_1032223763654475776,Kerala
ID_1032259281389801472,Kerala
ID_1032289123078303744,Unknown
ID_1032289914279288832,Kerala
ID_1032299744763076608,Kerala
ID_1032311743702228992,Kerala
ID_1032334899418673152,Kerala
ID_1032452390233022464,Unknown
ID_1032459311497142272,Unknown
ID_1032461898933923840,Unknown
ID_1032485001160470528,Kerala
ID_1032490326605398016,Unknown
ID_1032529637631438848,Unknown
ID_1032542893913853952,Unknown
ID_1032544277115559936,Kerala
ID_1032595530776342528,Unknown
ID_1032595864366108672,Unknown
ID_1032618019908771840,Unknown
ID_1032627122223898624,Kerala
ID_1032628371119697920,Kerala
ID_1032628429630435328,Kerala
ID_1032640276609658880,Unknown
ID_1032647125304111104,Kerala
ID_1032648125981253632,Unknown
ID_1032650789985038336,Kerala
ID_1032685880383819776,Unknown
ID_1032881461962010624,Unknown
ID_1032923987913986048,Unknown
ID_1032953187211390976,Kerala
ID_1032981008591740928,Kerala
ID_1032998261961846784,Unknown
ID_1033086560282001408,Kerala
ID_1033164122488221696,Kerala
ID_1033166927412092928,Kerala
ID_1033186117908983808,Unknown
ID_1033187066245349376,Unknown
ID_1033190983544975360,Unknown
ID_1033190998782836736,Kerala
ID_1033209292034203648,Kerala
ID_1033212934061678592,Unknown
ID_1033247149859823616,Unknown
ID_1033255878693138432,Kerala
ID_1033292762186047488,Kerala
ID_1033320671546200064,Kerala
ID_1033543172687708160,Unknown
ID_1033634181505462272,Kerala
ID_1033750841545523200,Kerala
ID_1033771250269573120,Kerala
ID_1033771872729485312,Kerala
ID_1033929240318595072,Unknown
ID_1033963616888860672,Kerala
ID_1033964955576483840,Unknown
ID_1033968412387491840,Unknown
ID_1034011402422439936,Unknown
ID_1034143982278696960,Unknown
ID_1034353316581392384,Unknown
ID_1034409416936710144,Kerala
ID_1034411434673721344,Kerala
ID_1034629170788163584,Kerala
ID_1034649657677307904,Kerala
ID_1034680820051599360,Kerala
ID_1034702985480339456,Kerala
ID_1034706014149533696,Unknown
ID_1034706613435740160,Kerala
ID_1034764901611233280,Kerala
ID_1034789959805235200,Kerala
ID_1034869460405039104,Kerala
ID_1035027299093991424,Unknown
ID_1035080657251311616,Kerala
ID_1035081656829263872,Kerala
ID_1035113785525039104,Kerala
ID_1035170415721603072,Unknown
ID_1035348145079607296,Kerala
ID_1035349202451148800,Unknown
ID_1035377623176757248,Kerala
ID_1035431851295309824,Kerala
ID_1035442872286359552,Unknown
ID_1035453048259268608,Kerala
ID_1035467291276836864,Kerala
ID_1035542759778603008,Kerala
ID_1035545951912378368,Kerala
ID_1035552496255557632,Kerala
ID_1035817903138910208,Unknown
ID_1035851650408243200,Kerala
ID_1036243214859026432,Kerala
ID_1037034346723438592,Kerala
ID_1037225451247357952,Kerala
ID_1037302229219176448,Unknown
ID_1037322050698915840,Kerala
ID_1037567855112474624,Kerala
ID_1038065842343165952,Unknown
ID_1039050182367764480,Kerala
ID_1039398873465217024,Unknown
ID_1039399783180328960,Unknown
ID_1039400778958426112,Unknown
ID_1039405953244954624,Unknown
ID_1039406925295874048,Unknown
ID_1039410457197535232,Unknown
ID_1039425818475331584,Unknown
ID_1039439670193651712,Unknown
ID_1039441821171101696,Unknown
ID_1039445510359212032,Unknown
ID_1039449269676240896,Unknown
ID_1039450679729905664,Unknown
ID_1039462262128500736,Unknown
ID_1039465819653189632,Unknown
ID_1039485785278439424,Unknown
ID_1039487196347150336,Unknown
ID_1039492376669114368,Unknown
ID_1039492607334932480,Unknown
ID_1039499856656719872,Unknown
ID_1039505494094667776,Unknown
ID_1039506203452350464,Unknown
ID_1039506672652189696,Unknown
ID_1039506952659730432,Unknown
ID_1039513592171704320,Unknown
ID_1039517994915950592,Florida
ID_1039531845443051520,Unknown
ID_1039532417512603648,Unknown
ID_1039532518020706304,Unknown
ID_1039538555637391360,Unknown
ID_1039539233709535232,Unknown
ID_1039540088428847104,Unknown
ID_1039545608284057600,Unknown
ID_1039546242542522368,Florida
ID_1039546587524091904,Unknown
ID_1039552912375119872,Unknown
ID_1039553399316836352,Unknown
ID_1039559301189304320,North Carolina
ID_1039564810650836992,Unknown
ID_1039565048056868864,Unknown
ID_1039565473103392768,Texas
ID_1039574723976409088,Unknown
ID_1039575048149815296,Unknown
ID_1039575469505605632,Unknown
ID_1039584053903732736,Unknown
ID_1039594978823950336,Unknown
ID_1039595251063840768,Unknown
ID_1039834031095836672,Unknown
ID_1039834360206307328,Unknown
ID_1039834805465231360,Unknown
ID_1039866267480584192,Unknown
ID_1039869236951347200,Unknown
ID_1039888525594972160,Unknown
ID_1039898974621032448,Unknown
ID_1039899745085534208,Unknown
ID_1039900699935604736,Unknown
ID_1039909423295156224,Unknown
ID_1039910866085466112,Puerto Rico
ID_1039919694550106112,Unknown
ID_1039919893431414784,Unknown
ID_1039919939317129216,Unknown
ID_1039920217030369280,Unknown
ID_1039921668246974464,Unknown
ID_1039921948699111424,Unknown
ID_1039922396428414976,Unknown
ID_1040142700102774784,Unknown
ID_1040146718975713280,Unknown
ID_1040195140521009152,Unknown
ID_1040195299438936064,Unknown
ID_1040327443536662528,Unknown
ID_1040545565334007808,Unknown
ID_1040545883237085184,Unknown
ID_1040546396640890880,Unknown
ID_1040547716370231296,Unknown
ID_1040550452968906752,Unknown
ID_1040551281989955584,Unknown
ID_1040551925882789888,Unknown
ID_1040553121649324032,Unknown
ID_1040553385320243200,Unknown
ID_1040553821498425344,Unknown
ID_1040555080221638656,Unknown
ID_1040613767040647168,Unknown
ID_1040659840027308032,Unknown
ID_1040667229875003392,Unknown
ID_1040708112368521216,North Carolina
ID_1040708986352410624,Unknown
ID_1040944644450865152,Maryland
ID_1041024511800500224,Unknown
ID_1041211282177896448,Unknown
ID_1041216251639554048,Unknown
ID_1041217692949204992,Unknown
ID_1041220553535840256,Unknown
ID_1041232582762004480,Unknown
ID_1041262998122319872,Unknown
ID_1041267836293771264,Unknown
ID_1041268596893200384,Unknown
ID_1041274587365994496,Unknown
ID_1041275763637592064,North Carolina
ID_1041276998629445632,Unknown
ID_1041283224603947008,Unknown
ID_1041284201126002688,Unknown
ID_1041336127309996032,Unknown
ID_1041402049429204992,Unknown
ID_1041409621024333824,Unknown
ID_1041413600861052928,Unknown
ID_1041427122366107648,Unknown
ID_1041484547400130560,Unknown
ID_1041490705116549120,Unknown
ID_1041504888415563776,Unknown
ID_1041574792758009856,Unknown
ID_1041577775067348992,Unknown
ID_1041578034900492288,Unknown
ID_1041582624823799808,Unknown
ID_1041591040036298752,Unknown
ID_1041599955708850176,Unknown
ID_1041610020205543424,North Carolina
ID_1041612348337868800,Unknown
ID_1041624448204517376,North Carolina
ID_1041625559388901376,Unknown
ID_1041627813202354176,Unknown
ID_1041627888875909120,Unknown
ID_1041628642219106304,Unknown
ID_1041630356338864128,Unknown
ID_1041635465366003712,Unknown
ID_1041635990748753920,Unknown
ID_1041694221391077376,Unknown
ID_1041776844444520448,Haiti
ID_1041794673180860416,Unknown
ID_1041931741274038272,Unknown
ID_1041979560072540160,Unknown
ID_1041980635164880896,North Carolina
ID_1041995017399795712,Unknown
ID_1042005422792691712,Unknown
ID_1042006783957577728,Unknown
ID_1042007887047008256,Unknown
ID_1042009850627149824,Unknown
ID_1042011800492040192,Unknown
ID_1042020254292029440,Unknown
ID_1042024580003651584,Unknown
ID_1042025179810017280,Unknown
ID_1042025847253868544,Unknown
ID_1042025900345315328,Unknown
ID_1042026219498340352,Unknown
ID_1042046799572332544,Unknown
ID_1042047009040031744,Unknown
ID_1042048936285036544,Unknown
ID_1042055838096080896,Unknown
ID_1042056866283618304,Unknown
ID_1042058989045993472,Unknown
ID_1042059871087194112,Unknown
ID_1042060491416383488,Unknown
ID_1042062203984273408,Unknown
ID_1042063000260227072,Unknown
ID_1042191111752769536,Unknown
ID_1061150344103653376,California
ID_1061157427431694336,California
ID_1061178593043111936,California
ID_1061179068048179200,Unknown
ID_1061180173259759616,Unknown
ID_1061259573250719744,California
ID_1061264098120396800,California
ID_1061295892647632896,California
ID_1061306476562546688,California
ID_1061314021981413376,California
ID_1061320150849249280,California
ID_1061321072627245056,Unknown
ID_1061321216609447936,Unknown
ID_1061325222140231680,California
ID_1061334173334437888,California
ID_1061336107357372416,California
ID_1061353473705275392,California
ID_1061356560587411456,California
ID_1061357521519157248,California
ID_1061374958553620480,Unknown
ID_1061384727427350528,California
ID_1061385768311156736,California
ID_1061394323621720064,California
ID_1061415946055634944,California
ID_1061419117062864896,California
ID_1061443221463752704,California
ID_1061444164318101504,California
ID_1061458008218181632,California
ID_1061462315114131456,California
ID_1061462632849440768,California
ID_1061467521570783232,California
ID_1061529129164648448,California
ID_1061531144343183360,California
ID_1061575300935487488,California
ID_1061592393223430144,California
ID_1061617017566969856,California
ID_1061621154211921920,California
ID_1061625923433324544,California
ID_1061672925038870528,California
ID_1061693662424264704,California
ID_1061702506978426880,California
ID_1061702809932840960,California
ID_1061704846586212352,California
ID_1061706199467507712,California
ID_1061711549591678976,California
ID_1061828954003259392,California
ID_1061981746252705792,California
ID_1061985574230376448,California
ID_1062001032874680320,California
ID_1062006674926526464,California
ID_1062029955532537856,California
ID_1062038799759302656,California
ID_1062072788138242048,California
ID_1062102885545230336,California
ID_1062111229840367616,Unknown
ID_1062115991319126016,Unknown
ID_1062121598319239168,Unknown
ID_1062131480124710912,California
ID_1062188040272166912,Unknown
ID_1062190750669127680,California
ID_1062209016531730432,California
ID_1062215807982170112,California
ID_1062295254848684032,California
ID_1062336869369868288,California
ID_1062341826441605120,California
ID_1062351893060558848,California
ID_1062378787311157248,California
ID_1062380707324977152,California
ID_1062383642524045312,California
ID_1062402896539529216,California
ID_1062412313339277312,California
ID_1062460790475763712,California
ID_1062472925750546432,California
ID_1062614499876921344,California
ID_1062621856736276480,California
ID_1062622352687558656,California
ID_1062622994982412288,California
ID_1062643555678720000,California
ID_1062712166128660480,Unknown
ID_1062774140313059328,Unknown
ID_1062789360343531520,California
ID_1062821015758098432,California
ID_1062843866208862208,California
ID_1062849977490100224,California
ID_1062854953600016384,Unknown
ID_1062896805912834048,California
ID_1062899387423178752,Unknown
ID_1063075743859650560,California
ID_1063117071368810496,California
ID_1063122963246075904,Unknown
ID_1063126658557923328,California
ID_1063134544835043328,California
ID_1063137464624144384,California
ID_1063173292851372032,Unknown
ID_1063183787272650752,California
ID_1063198915451736064,California
ID_1063270482206691328,Unknown
ID_1063276090171551744,California
ID_1063277793910362112,California
ID_1063288486705410048,California
ID_1063375172718264320,California
ID_1063424559590850560,California
ID_1063435363438481408,California
ID_1063456902389030912,California
ID_1063534818439376896,California
ID_1063611471081426944,California
ID_1063676309723901952,California
ID_1063925914503954432,California
ID_1063986582900932608,Unknown
ID_1064005917258199040,Unknown
ID_1064117335433322496,Unknown
ID_1064156771755982848,California
ID_1064159371834220544,California
ID_1064173412145344512,California
ID_1064182822422937600,Unknown
ID_1064217319583465472,California
ID_1064232356897280000,Unknown
ID_1064294371825254400,California
ID_1064326377506304000,California
ID_1064327300974559232,California
ID_1064370128635056128,Unknown
ID_1064388678250725376,California
ID_1064448176453808128,California
ID_1064490832743419904,California
ID_1064491487902224384,Unknown
ID_1064503989172097024,California
ID_1064569698459762688,California
ID_1064571828100833280,California
ID_1064598368813494272,Unknown
ID_1064631034392657920,Unknown
ID_1064632328536899584,California
ID_1064639756795994112,California
ID_1064652556784320512,California
ID_1064694673682325504,California
ID_1064794508485951488,California
ID_1064813598684278784,California
ID_1064905912283000832,California
ID_1064936029369614336,California
ID_1064946513921609728,California
ID_1064947534140006400,California
ID_1064957457225535488,California
ID_1064998221804707840,California
ID_1065015446368395264,California
ID_1065020021662015488,California
ID_1065026972928098304,California
ID_1065032640208621568,California
ID_1065147339244007424,California
ID_1065179327006998528,California
ID_1065190250828439552,California
ID_1065219025863626752,California
ID_1065237400312520704,California
ID_1065249109337088000,California
ID_1065260283357212672,Unknown
ID_1065266258902433792,Unknown
ID_1065267618544852992,California
ID_1065269685229363200,Unknown
ID_1065270397313212416,California
ID_1065287266921340928,California
ID_1065287673433092096,Unknown
ID_1065297282550120448,California
ID_1065306507539959808,California
ID_1065309299327537152,Unknown
ID_1065318607809363968,Unknown
ID_1065321362582061056,California
ID_1065341658332573696,California
ID_1065343341674590208,Unknown
ID_1065345843790786560,California
ID_1065352703184912384,California
ID_1065356055511613440,Unknown
ID_1065367232795066368,Unknown
ID_1065371575484997632,California
ID_1065374281696202752,California
ID_1065382748037279744,Unknown
ID_1065398080785199104,Unknown
ID_1065423418693054464,California
ID_1065423746448666624,California
ID_1065436322901352448,Unknown
ID_1065437909405306880,California
ID_1065452478794264576,Unknown
ID_1065460848922058752,California
ID_1065477089346895872,California
ID_1065482587882176512,California
ID_1065607175505100800,California
ID_1065613629461020672,California
ID_1065641907202646016,California
ID_1065644744964014080,California
ID_1065651388401819648,Unknown
ID_1065682192507052032,California
ID_1065688359950082048,California
ID_1065702928424542208,Unknown
ID_1065760374287462400,California
ID_1065763811095965696,California
ID_1065975922107531264,California
ID_1066046565293285376,Unknown
ID_1066359737036337152,Unknown
ID_1066516529066463232,Unknown
ID_1066633136497405952,California
ID_1066836137409478656,Unknown
ID_1066842651658379264,California
ID_1066854298418651136,Unknown
ID_1067054704889339904,California
ID_1067106984653217792,Unknown
ID_1067184052254453760,California
ID_1067420649935724544,California
ID_1068966850858430464,California
ID_1070018383037399040,Unknown
ID_1070201070117253120,Unknown
ID_1106492477043867648,Mozambique
ID_1106495942847614976,Unknown
ID_1106635576218918912,Unknown
ID_1106639626872279040,Unknown
ID_1106673127130583040,Unknown
ID_1106813189499600896,Unknown
ID_1106814374398881792,Unknown
ID_1106881628855549952,Unknown
ID_1106941332558217216,Mozambique
ID_1106956296031518720,Unknown
ID_1106958884923686912,Unknown
ID_1106983475649961984,Unknown
ID_1107001395134255104,Zimbabwe Mozambique Malawi
ID_1107012567145287680,Unknown
ID_1107018356077576192,Zimbabwe Mozambique Malawi
ID_1107077598595739648,Mozambique
ID_1107114541035540480,Unknown
ID_1107128825220075520,Unknown
ID_1107142971185659904,Unknown
ID_1107165727931404288,Unknown
ID_1107185981155934208,Mozambique
ID_1107194651411398656,Unknown
ID_1107241345758965760,Unknown
ID_1107262903072243712,Zimbabwe Mozambique Malawi
ID_1107270231238590464,Mozambique
ID_1107296725935505408,Unknown
ID_1107307518609498112,Unknown
ID_1107329569365712896,Unknown
ID_1107353602434183168,Unknown
ID_1107374941450784768,Unknown
ID_1107398816121217024,Unknown
ID_1107467668263714816,Unknown
ID_1107640570925776896,Zimbabwe
ID_1107651624825208832,Unknown
ID_1107679247840219136,Unknown
ID_1107685045714776064,Mozambique
ID_1107708876521115648,Unknown
ID_1107747256885825536,Unknown
ID_1107756443774668800,Zimbabwe Mozambique Malawi
ID_1107866248573005824,Mozambique
ID_1107899480211419136,Unknown
ID_1107902427360083968,Mozambique
ID_1107913941160771584,Mozambique
ID_1107916246417317888,Unknown
ID_1107919834694778880,Unknown
ID_1107950818177806336,Unknown
ID_1107960709349019648,Zimbabwe
ID_1107966239455019008,Unknown
ID_1107966753043300352,Mozambique
ID_1107980955569045504,Zimbabwe
ID_1107985042326908928,Mozambique
ID_1107989773787037696,Mozambique
ID_1108005969135616000,Unknown
ID_1108010538632658944,Unknown
ID_1108030839407947776,Mozambique
ID_1108053846612459520,Unknown
ID_1108068871813193728,Unknown
ID_1108126634643738624,Zimbabwe Mozambique Malawi
ID_1108129902115647488,Mozambique
ID_1108139346262151168,Unknown
ID_1108160909980196864,Unknown
ID_1108164200344498176,Mozambique
ID_1108227041126727680,Unknown
ID_1108249123461967872,Unknown
ID_1108271160507228160,Unknown
ID_1108299359769235456,Zimbabwe Mozambique Malawi
ID_1108312861057732608,Unknown
ID_1108313050904432640,Mozambique
ID_1108347145629954048,Unknown
ID_1108353061792157696,Mozambique
ID_1108353547052158976,Unknown
ID_1108381764777639936,Mozambique
ID_1108382742780231680,Unknown
ID_1108393260932874240,Unknown
ID_1108403742578262016,Mozambique
ID_1108410069656453120,Unknown
ID_1108410194197790720,Mozambique
ID_1108410706775416832,Unknown
ID_1108411619099529216,Unknown
ID_1108426881731387392,Unknown
ID_1108430719439826944,Unknown
ID_1108574058088747008,Mozambique
ID_1108620374093123584,Unknown
ID_1108634513398263808,Unknown
ID_1108645096378036224,Unknown
ID_1108659050877734912,Mozambique
ID_1108667868118425600,Mozambique
ID_1108682359837286400,Unknown
ID_1108700384019787776,Mozambique
ID_1108722187803000832,Zimbabwe Mozambique Malawi
ID_1108730821857476608,Unknown
ID_1108757047741480960,Unknown
ID_1108786037264920576,Zimbabwe
ID_1108822588061560832,Mozambique
ID_1108827854006030336,Unknown
ID_1108860656294477824,Unknown
ID_1108967792890413056,Unknown
ID_1109040666712199168,Mozambique
ID_1109063885632483328,Unknown
ID_1109074720396333056,Unknown
ID_1109077432257167360,Unknown
ID_1109088149182009344,Unknown
ID_1109088313435148288,Unknown
ID_1109093641925128192,Unknown
ID_1109105128714305536,Unknown
ID_1109116359101820928,Unknown
ID_1109119995282378752,Unknown
ID_1109130914284609536,Mozambique
ID_1109147489838485504,Unknown
ID_1109192273215008768,Unknown
ID_1109343705138376704,Unknown
ID_1109362295724040192,Unknown
ID_1109390403353096192,Unknown
ID_1109448383067054080,Unknown
ID_1109539570087952384,Mozambique
ID_1109553711737651200,Zimbabwe Mozambique Malawi
ID_1109571047286849536,Zimbabwe
ID_1109635821005619200,Zimbabwe Mozambique Malawi
ID_1109723474564734976,Mozambique
ID_1109734927296282624,Mozambique
ID_1109767619257794560,Unknown
ID_1109835139499151360,Unknown
ID_1109838422099804160,Unknown
ID_1110037640806567936,Unknown
ID_1110103073647742976,Unknown
ID_1110191088973869056,Unknown
ID_1110200010157842432,Mozambique
ID_1110234432261316608,Unknown
ID_1110237231502057472,Unknown
ID_1110241642798301184,Nebraska
ID_1110255893084626944,Unknown
ID_1110261532250783744,Nebraska
ID_1110267333522669568,Nebraska
ID_1110268446913097728,Nebraska
ID_1110269535297384448,Nebraska
ID_1110274609755099136,Nebraska
ID_1110276926076260352,Nebraska
ID_1110287422020042752,Nebraska
ID_1110319732320800768,Nebraska
ID_1110320044469161984,Nebraska
ID_1110324919332687872,Nebraska
ID_1110326051337465856,Nebraska
ID_1110337067567988736,Nebraska
ID_1110369921345744896,Nebraska
ID_1110388411389657088,Nebraska
ID_1110398367299964928,Unknown
ID_1110399168806182912,Nebraska
ID_1110406752208670720,Nebraska
ID_1110432225739329536,Nebraska
ID_1110451589091737600,Nebraska
ID_1110451733845688320,Unknown
ID_1110459900700823552,Mozambique
ID_1110489606078763008,Nebraska
ID_1110493647756234752,Unknown
ID_1110495625534160896,Mozambique
ID_1110506507018424320,Unknown
ID_1110508333180616704,Nebraska
ID_1110523743208697856,Nebraska
ID_1110528045000155136,Nebraska
ID_1110529869392302080,Nebraska
ID_1110534266180509696,Nebraska
ID_1110537889190825984,Unknown
ID_1110540805951893504,Nebraska
ID_1110545301012729856,Unknown
ID_1110550619927076864,Nebraska
ID_1110555789633179648,Nebraska
ID_1110558626945617920,Nebraska
ID_1110562626268913664,Nebraska
ID_1110591964142026752,Unknown
ID_1110593000797814784,Nebraska
ID_1110623374005415936,Nebraska
ID_1110623574140829696,Nebraska
ID_1110628888382750720,Mozambique
ID_1110634537871130624,Unknown
ID_1110634769019211776,Nebraska
ID_1110636632347197440,Unknown
ID_1110653075285372928,Nebraska
ID_1110656778113560576,Nebraska
ID_1110662275810103296,Nebraska
ID_1110662851037982720,Iowa Nebraska
ID_1110679496817029120,Nebraska
ID_1110685420466171904,Nebraska
ID_1110687429839732736,Unknown
ID_1110698815298768896,Nebraska
ID_1110708013244055552,Nebraska
ID_1110709311049793536,Nebraska
ID_1110711571834130432,Nebraska
ID_1110748157955194880,Unknown
ID_1110752661266149376,Nebraska
ID_1110761462513963008,Unknown
ID_1110800449580515328,Nebraska
ID_1110815958778691584,Unknown
ID_1110827008827817984,Unknown
ID_1110838738383446016,Chimanimani
ID_1110851006802337792,Nebraska
ID_1110854432621649920,Unknown
ID_1110867778532200448,Unknown
ID_1110874468728094720,Unknown
ID_1110892108196515840,Mozambique
ID_1110896607841714176,Nebraska
ID_1110900286455988224,Unknown
ID_1110904860390625280,Unknown
ID_1110907970655797248,Nebraska
ID_1110910628154273792,Nebraska
ID_1110919594116562944,Nebraska
ID_1110921308831969280,Unknown
ID_1110924886564921344,Nebraska
ID_1110925776424177664,Unknown
ID_1110931552945475584,Unknown
ID_1110934769997615104,Nebraska
ID_1110949565694398464,Nebraska
ID_1110950506116116480,Nebraska
ID_1110964383478353920,Nebraska
ID_1110973702852759552,Nebraska
ID_1110982610401050624,Nebraska
ID_1110983456299929600,Unknown
ID_1110987347343130624,Mozambique
ID_1110992719302795264,Nebraska
ID_1110997301152100352,Unknown
ID_1111005776255033344,Nebraska
ID_1111017663470424064,Nebraska
ID_1111020236201811968,Unknown
ID_1111021202942902272,Nebraska
ID_1111025112453517312,Nebraska
ID_1111035671207124992,Nebraska
ID_1111049207245361152,Nebraska
ID_1111058651668570112,Unknown
ID_1111062307784847360,Nebraska
ID_1111069061973196800,Nebraska
ID_1111075714449788928,Unknown
ID_1111081920719400960,Unknown
ID_1111084281600921600,Nebraska
ID_1111098977007611904,Nebraska
ID_1111105407714500608,Nebraska
ID_1111115904560103424,Nebraska
ID_1111162425225691136,Unknown
ID_1111181125702037504,Zimbabwe
ID_1111181169335435264,Unknown
ID_1111248757230845952,Nebraska
ID_1111259557970485248,Nebraska
ID_1111260768127852544,Unknown
ID_1111271521216090112,Mozambique
ID_1111273486553620480,Nebraska
ID_1111288037802045440,Nebraska
ID_1111289542718287872,Nebraska
ID_1111289872277520384,Nebraska
ID_1111296325910437888,Nebraska
ID_1111298048330747904,Nebraska
ID_1111299398598828032,Nebraska
ID_1111313135120642048,Nebraska
ID_1111324725597360128,Nebraska
ID_1111325243430354944,Nebraska
ID_1111326686493200384,Nebraska
ID_1111340334456422400,Unknown
ID_1111350937468186624,Nebraska
ID_1111352349916884992,Nebraska
ID_1111374905763729408,Nebraska
ID_1111388023847936000,Nebraska
ID_1111402767698915328,Nebraska
ID_1111405122444120064,Unknown
ID_1111406959150792704,Nebraska
ID_1111413201755791360,Unknown
ID_1111414506792452096,Nebraska
ID_1111448254590390272,Nebraska
ID_1111454417583329280,Nebraska
ID_1111470401652174848,Unknown
ID_1111506654900772864,Unknown
ID_1111534949604229120,Unknown
ID_1111537198770343936,Unknown
ID_1111560633743482880,Nebraska
ID_1111577365489111040,Unknown
ID_1111596796881571840,Unknown
ID_1111636612927180800,Nebraska
ID_1111644782621851648,Nebraska
ID_1111660735044743168,Nebraska
ID_1111662082188038144,Nebraska
ID_1111679998161756160,Unknown
ID_1111704284297613312,Nebraska
ID_1111707512166846464,Mozambique
ID_1111709190798610432,Unknown
ID_1111709761475670016,Nebraska
ID_1111719290334519296,Nebraska
ID_1111719447419670528,Nebraska
ID_1111737961681293312,Nebraska
ID_1111740623051243520,Zimbabwe Mozambique Malawi
ID_1111765210006728704,Nebraska
ID_1111770119217262592,Unknown
ID_1111795632656838656,Unknown
ID_1111799411552718848,Nebraska
ID_1111810302474096640,Nebraska
ID_1111813790973263872,Nebraska
ID_1111829396128702464,Nebraska
ID_1111839710694068224,Nebraska
ID_1111847935225065472,Nebraska
ID_1111857411919212544,Nebraska
ID_1111863460680384512,Nebraska
ID_1111863697700462592,Nebraska
ID_1111867528765153280,Unknown
ID_1111943169913036800,Unknown
ID_1111953781095313408,Nebraska
ID_1111969851109769216,Nebraska
ID_1111975059764199424,Unknown
ID_1112003162884456448,Mozambique
ID_1112021987487088640,Nebraska
ID_1112044766089367552,Unknown
ID_1112044845403648000,Unknown
ID_1112046904844697600,Nebraska
ID_1112087996399005696,Nebraska
ID_1112106054630993920,Nebraska
ID_1112110087542398976,Nebraska
ID_1112125568810659840,Unknown
ID_1112157147465281536,Nebraska
ID_1112186396733784064,Nebraska
ID_1112267276257030144,Unknown
ID_1112311360577290240,Nebraska
ID_1112375310568218624,Nebraska
ID_1112406505955852288,Unknown
ID_1112430775666769920,Unknown
ID_1112441785073176576,Nebraska
ID_1112460468814258176,Unknown
ID_1112460938710532096,Mozambique
ID_1112503493594673152,Unknown
ID_1112516852041895936,Nebraska
ID_1112525786467061760,Nebraska
ID_1112583005279842304,Nebraska
ID_1112693479749140480,Nebraska
ID_1112727353191469056,Nebraska
ID_1112746190683164672,Nebraska
ID_1112750977461952512,Nebraska
ID_1112762371502682112,Unknown
ID_1112784034382446592,Nebraska
ID_1112785484105895936,Nebraska
ID_1112791444048080896,Nebraska
ID_1112794114985222144,Nebraska
ID_1112800732531625984,Nebraska
ID_1112819654018228224,Unknown
ID_1112831621017763840,Nebraska
ID_1112859212936372224,Nebraska
ID_1112862489631473664,Nebraska
ID_1112885082820407296,Nebraska
ID_1112896253384450048,Nebraska
ID_1112919949989855232,Nebraska
ID_1112991839605460992,Mozambique
ID_1113027014930432000,Mozambique
ID_1113041587272142848,Nebraska
ID_1113062758285635584,Unknown
ID_1113067412276957184,Nebraska
ID_1113067545416826880,Mozambique
ID_1113068685189476352,Zimbabwe Mozambique Malawi
ID_1113068931361763328,Nebraska
ID_1113077457194815488,Nebraska
ID_1113090895690321920,Nebraska
ID_1113101318447685632,Nebraska
ID_1113101356523511808,Nebraska
ID_1113106595720835072,Unknown
ID_1113108646626541568,Nebraska
ID_1113133240825524224,Nebraska
ID_1113134658621988864,Nebraska
ID_1113138512398876672,Unknown
ID_1113152518069080064,Unknown
ID_1113161174810423296,Nebraska
ID_1113165210846674944,Nebraska
ID_1113167777236434944,Nebraska
ID_1113173811543801856,Nebraska
ID_1113228967467790336,Unknown
ID_1113232115817111552,Nebraska
ID_1113240575065640960,Nebraska
ID_1113327371640352768,Unknown
ID_1113361588545826816,Unknown
ID_1113386979025145856,Unknown
ID_1113439564486647808,Unknown
ID_1113457031997005824,Zimbabwe
ID_1113492622436335616,Unknown
ID_1115912220695777280,Unknown
ID_1115969186671538176,Mozambique
ID_1116118304295247872,Mozambique
ID_1116594693712662528,Zimbabwe
ID_1117066255482093568,Mozambique
ID_1117176535444860928,Unknown
ID_1117774372977152000,Unknown
ID_1118072192376475648,Unknown
ID_1118080078997610496,Unknown
ID_1167488544132292608,Unknown
ID_1167508711763582976,Unknown
ID_1167512265576374272,Unknown
ID_1167513247337123840,Unknown
ID_1167519954792570880,Unknown
ID_1167523469715746816,Unknown
ID_1167523726482706432,Florida
ID_1167532405831323648,Unknown
ID_1167532707083145216,Unknown
ID_1167533810810048512,Florida
ID_1167542567145222144,Unknown
ID_1167545583768199168,Florida
ID_1167554437424058368,Unknown
ID_1167555857187594240,Florida
ID_1167557171200106496,Unknown
ID_1167562217652457472,Unknown
ID_1167562451593945088,North Carolina
ID_1167577360255934464,Unknown
ID_1167578672192196608,Unknown
ID_1167591166923235328,Unknown
ID_1167612406723489792,Unknown
ID_1167634666607845376,Unknown
ID_1167646821050716160,Unknown
ID_1167658207319187456,Unknown
ID_1167667075504070656,Unknown
ID_1167671819278663680,Florida
ID_1167679869888737280,Florida
ID_1167720918380158976,Unknown
ID_1167743291967696896,Florida
ID_1167761487873622016,Unknown
ID_1167778641901686784,Unknown
ID_1167782703074336768,Florida
ID_1167795696889716736,Unknown
ID_1167809855517843456,Unknown
ID_1167816141860999168,Florida
ID_1167820406444777472,Florida
ID_1167820655724830720,Unknown
ID_1167820820900655104,Unknown
ID_1167820950794055680,Florida
ID_1167831514350071808,Unknown
ID_1167841278899445760,Unknown
ID_1167841620814913536,Unknown
ID_1167844534321057792,Unknown
ID_1167847078313308160,Unknown
ID_1167852157758050304,Unknown
ID_1167853856501456896,Unknown
ID_1167854227026305024,Unknown
ID_1167865772011487232,Unknown
ID_1167874946372001792,Unknown
ID_1167879435514609664,Unknown
ID_1167880853436788736,Unknown
ID_1167900216076337152,Unknown
ID_1167900927912579072,Florida
ID_1167915700154798080,Unknown
ID_1167921412763316224,Florida
ID_1167921452403679232,Florida
ID_1167948325640757248,Unknown
ID_1167962033284878336,Florida
ID_1167983948544086016,Unknown
ID_1168023513405501440,Bahamas
ID_1168035707362762752,Unknown
ID_1168089941949198336,Unknown
ID_1168155039522836480,Unknown
ID_1168155291264999424,Unknown
ID_1168157016436682752,Unknown
ID_1168165608946618368,Unknown
ID_1168176931688370176,Bahamas
ID_1168178071679225856,Florida
ID_1168178492242051072,Bahamas
ID_1168179084242767872,Florida
ID_1168186550460526592,Unknown
ID_1168187003470565376,Unknown
ID_1168196142057840640,Unknown
ID_1168206089051168768,Bahamas
ID_1168206177630662656,Unknown
ID_1168210555741454336,Unknown
ID_1168216728825999360,Unknown
ID_1168219670089854976,Unknown
ID_1168221206748831744,Unknown
ID_1168221534449799168,Bahamas
ID_1168223751831511040,Unknown
ID_1168225146479550464,Unknown
ID_1168226572869996544,Florida
ID_1168226718294953984,Unknown
ID_1168231045331918848,Unknown
ID_1168234754124259328,Unknown
ID_1168237477951352832,Unknown
ID_1168241812013821952,Unknown
ID_1168244733283643392,Unknown
ID_1168245092659945472,Bahamas
ID_1168248093776719872,Unknown
ID_1168250785777500160,Florida
ID_1168252185198510080,Florida
ID_1168254792961011712,Florida
ID_1168261400721887232,Unknown
ID_1168262856682430464,Bahamas
ID_1168264609347842048,Florida
ID_1168266419856740352,Bahamas
ID_1168266468947046400,Unknown
ID_1168267909313024000,Unknown
ID_1168268312914083840,Unknown
ID_1168269583683215360,Unknown
ID_1168270671744577536,Florida
ID_1168270875218591744,Unknown
ID_1168271111546646528,Florida
ID_1168272397499285504,Bahamas
ID_1168273448931667968,Unknown
ID_1168273787470700544,Florida
ID_1168275085599412224,Florida
ID_1168276279092604928,Unknown
ID_1168277611752984576,Bahamas
ID_1168279022008225792,Bahamas
ID_1168283025274261504,Unknown
ID_1168288535344046080,Unknown
ID_1168292429071638528,Florida
ID_1168292900318470144,Florida
ID_1168295030513123328,Unknown
ID_1168298225683640320,Unknown
ID_1168298868808667136,Unknown
ID_1168300353067945984,Bahamas
ID_1168300495351484416,Unknown
ID_1168301738048180224,Unknown
ID_1168303773258637312,Unknown
ID_1168307608995999744,Bahamas
ID_1168307887766233088,Unknown
ID_1168311165534916608,Bahamas
ID_1168313098823962624,Florida
ID_1168314820690620416,Florida
ID_1168317253533782016,Unknown
ID_1168319364266807296,Florida
ID_1168319748502953984,Unknown
ID_1168324479673499648,Unknown
ID_1168325238788120576,Unknown
ID_1168330161592381440,Unknown
ID_1168332557072654336,Unknown
ID_1168334604811612160,Texas
ID_1168334779051364352,Unknown
ID_1168339532913287168,Unknown
ID_1168342447048536064,Unknown
ID_1168345486836883456,Bahamas
ID_1168345614029115392,Unknown
ID_1168346559634976768,Unknown
ID_1168347406586568704,Unknown
ID_1168349194882600960,Unknown
ID_1168350329974546432,Florida
ID_1168361131494260736,Florida
ID_1168376879708901376,Unknown
ID_1168377962548346880,Unknown
ID_1168384810529636352,Unknown
ID_1168386123267268608,Unknown
ID_1168394270010740736,Unknown
ID_1168400126957821952,Florida
ID_1168405332680482816,Unknown
ID_1176464580639375360,Unknown
ID_1176465104608608256,Unknown
ID_1176465435761487872,Unknown
ID_1176466808397844480,Pakistan
ID_1176467618670219264,Pakistan
ID_1176468264387584000,Unknown
ID_1176469959146389504,Unknown
ID_1176470972867731456,Unknown
ID_1176471143701733376,Unknown
ID_1176471641632792576,Unknown
ID_1176472118671925248,Unknown
ID_1176472386025209856,Unknown
ID_1176472570243231744,Unknown
ID_1176473212630294528,Unknown
ID_1176473503207428096,Mexico
ID_1176473591589888000,Unknown
ID_1176474120839675904,Unknown
ID_1176474254075944960,Unknown
ID_1176475678784610304,Unknown
ID_1176476154473177088,Unknown
ID_1176476178187730944,Pakistan
ID_1176476774437478400,Unknown
ID_1176479567323762688,Unknown
ID_1176479699951857664,Unknown
ID_1176479908316553216,Unknown
ID_1176479940600053760,Unknown
ID_1176480165251166208,Unknown
ID_1176481382287233024,Unknown
ID_1176481550399082496,Unknown
ID_1176482362886168576,Unknown
ID_1176482458654662656,Mirpur
ID_1176482862117396480,Pakistan
ID_1176484605303689216,Pakistan
ID_1176484786166218752,Unknown
ID_1176484850217435136,Unknown
ID_1176485968314085376,Unknown
ID_1176486351371300864,Pakistan
ID_1176486406803341312,Unknown
ID_1176486526185824256,Unknown
ID_1176486605265231872,Unknown
ID_1176487329336365056,Unknown
ID_1176487696337985536,Unknown
ID_1176489674203893760,Pakistan
ID_1176490089247051776,Unknown
ID_1176490228762255360,Unknown
ID_1176491441406783488,Unknown
ID_1176491533769613312,Unknown
ID_1176492449847566336,Pakistan
ID_1176492830707113984,Unknown
ID_1176492871916097536,Unknown
ID_1176495012839923712,Pakistan
ID_1176495974153367552,Unknown
ID_1176495977886289920,Mexico
ID_1176496065736060928,Ecuador
ID_1176496111613284352,Unknown
ID_1176497120301461504,Pakistan
ID_1176497522098999296,Unknown
ID_1176497973175472128,Unknown
ID_1176498388491280384,Unknown
ID_1176499809248829440,Unknown
ID_1176499983958380544,Unknown
ID_1176500198958407680,Pakistan
ID_1176501926273474560,Pakistan
ID_1176502094205001728,Unknown
ID_1176502445050085376,Unknown
ID_1176502894662750208,Pakistan
ID_1176503793208451072,Unknown
ID_1176504808515211264,Unknown
ID_1176508068605177856,Pakistan
ID_1176509524510957568,Unknown
ID_1176510115920384000,Pakistan
ID_1176513833629900800,Unknown
ID_1176514521172779008,Pakistan
ID_1176515451544887296,Unknown
ID_1176516943995711488,Unknown
ID_1176517234547671040,Unknown
ID_1176519911113445376,Unknown
ID_1176520718164602880,Pakistan
ID_1176525641744863232,Unknown
ID_1176527930110939136,Unknown
ID_1176530698536194048,Pakistan
ID_1176531574617231360,Unknown
ID_1176534453692354560,Unknown
ID_1176535986408480768,Unknown
ID_1176538514818764800,Pakistan
ID_1176538625733009408,Unknown
ID_1176541098233253888,Unknown
ID_1176541264604467200,Unknown
ID_1176542016647454720,Unknown
ID_1176545290301661184,Unknown
ID_1176553601881255936,Unknown
ID_1176556910490857472,Unknown
ID_1176562544804343808,Unknown
ID_1176564559768903680,Unknown
ID_1176564965685235712,Unknown
ID_1176567364617408512,Unknown
ID_1176569692078727168,Unknown
ID_1176569918294233088,Pakistan
ID_1176584966467129344,Unknown
ID_1176606961858531328,Pakistan
ID_1176613691921436672,Unknown
ID_1176632926668300288,Pakistan
ID_1176644490095931392,Unknown
ID_1176670163976036352,Pakistan
ID_1176695999240298496,Unknown
ID_1176716320395681792,Unknown
ID_1176733288414810112,Unknown
ID_1176754112647639040,Unknown
ID_1176756450627948544,Pakistan
ID_1176761141508358144,Unknown
ID_1176762086929702912,Unknown
ID_1176781302386892800,Unknown
ID_1176800515293929472,Unknown
ID_1176805907889631232,Unknown
ID_1176807258379784192,Unknown
ID_1176807926016573440,Pakistan
ID_1176808655330693120,Unknown
ID_1176859212422557696,Unknown
ID_1176882557117444096,Unknown
ID_1177033433882775552,Unknown
ID_1177100452154003456,Unknown
ID_1177110959388811264,Unknown
ID_1177137369562193920,Pakistan
ID_1177141832431652864,Unknown
ID_1177146978431422464,Pakistan
ID_1177153282323755008,Unknown
ID_1177156754829926400,Unknown
ID_721565577505030144,Ecuador
ID_721565833814786048,Ecuador
ID_721567194199379968,Ecuador
ID_721575488234340352,Ecuador
ID_721580577590104064,Ecuador
ID_721580578454114304,Ecuador
ID_721586058446708736,Ecuador
ID_721591304518516736,Ecuador
ID_721592550277136384,Ecuador
ID_721598092223455232,Ecuador
ID_721601004223995904,Ecuador
ID_721603644110606336,Ecuador
ID_721607697955577856,Ecuador
ID_721609010319855616,Ecuador
ID_721609916306337792,Ecuador
ID_721611494438383616,Ecuador
ID_721626605907537920,Ecuador
ID_721637852384079872,Ecuador
ID_721639476322254848,Ecuador
ID_721656918398271488,Ecuador
ID_721658218020257792,Ecuador
ID_721662202625699840,Ecuador
ID_721664703899037696,Ecuador
ID_721670356986163200,Ecuador
ID_721674059902226432,Ecuador
ID_721674560689545216,Unknown
ID_721686781566066688,Ecuador
ID_721699078216814592,Ecuador
ID_721716600970338304,Unknown
ID_721721790851117056,Ecuador
ID_721721874078687232,Ecuador
ID_721723314180399104,Ecuador
ID_721724140043026432,Ecuador
ID_721730216876457984,Ecuador
ID_721730332970590208,Ecuador
ID_721730548662693888,Ecuador
ID_721731680793452544,Ecuador
ID_721731697448992768,Ecuador
ID_721733589646217216,Ecuador
ID_721735231372308480,Ecuador
ID_721735475711590400,Ecuador
ID_721736610769989632,Ecuador
ID_721737677951868928,Ecuador
ID_721737967652495360,Ecuador
ID_721738261337632768,Unknown
ID_721739973511098368,Ecuador
ID_721740372301516800,Ecuador
ID_721741889993486336,Ecuador
ID_721743666419802112,Ecuador
ID_721746548313497600,Ecuador
ID_721751500494618624,Ecuador
ID_721751556685742080,Ecuador
ID_721754752766316544,Ecuador
ID_721754760299216896,Ecuador
ID_721755476908748800,Ecuador
ID_721755895416373248,Ecuador
ID_721757200855736320,Ecuador
ID_721759369814126592,Ecuador
ID_721765760465530880,Unknown
ID_721767225456074752,Ecuador
ID_721769539353055232,Ecuador
ID_721776652368396288,Ecuador
ID_721783038967947264,Ecuador
ID_721787439426248704,Ecuador
ID_721788455001264128,Ecuador
ID_721790409471438848,Ecuador
ID_721793843960483840,Ecuador
ID_721797026040705024,Ecuador
ID_721802440253812736,Ecuador
ID_721803310001291264,Ecuador
ID_721807777409187840,Ecuador
ID_721811859125452800,Ecuador
ID_721816031233056768,Ecuador
ID_721816528321134592,Ecuador
ID_721823078033006592,Unknown
ID_721825995964215296,Unknown
ID_721831545594605568,Ecuador
ID_721832188313006080,Ecuador
ID_721834810298273792,Ecuador
ID_721835800334364672,Ecuador
ID_721839953605308416,Ecuador
ID_721843731222118400,Ecuador
ID_721848914299731968,Ecuador
ID_721853537848700928,Ecuador
ID_721855433741307904,Ecuador
ID_721859000694894592,Ecuador
ID_721862399788204032,Ecuador
ID_721865974585106432,Ecuador
ID_721866807267692544,Ecuador
ID_721881890211409920,Ecuador
ID_721893287435640832,Ecuador
ID_721897438785703936,Ecuador
ID_721899198795423744,Ecuador
ID_721899379758653440,Ecuador
ID_721900388677320704,Ecuador
ID_721908490193801216,Unknown
ID_721909412483481600,Unknown
ID_721912881000935424,Ecuador
ID_721914998780465152,Ecuador
ID_721915382399954944,Ecuador
ID_721928184963407872,Ecuador
ID_721934554005680128,Ecuador
ID_721937250490195968,Ecuador
ID_721938930258616320,Ecuador
ID_721944291657052160,Ecuador
ID_721945569619345408,Ecuador
ID_721947100741836800,Ecuador
ID_721959342895972352,Unknown
ID_721966156018356224,Ecuador
ID_721977459751694336,Ecuador
ID_721986698612056064,Ecuador
ID_721991081785749504,Ecuador
ID_721992087604895744,Ecuador
ID_721995551588360192,Ecuador
ID_722003952066105344,Ecuador
ID_722006347617853440,Ecuador
ID_722006861566881792,Ecuador
ID_722016165057273856,Unknown
ID_722026959350407168,Ecuador
ID_722029263365365760,Ecuador
ID_722041257439141888,Unknown
ID_722052315402924032,Unknown
ID_722054652909481984,Ecuador
ID_722055497675710464,Ecuador
ID_722064140047642624,Ecuador
ID_722065372300623872,Ecuador
ID_722067979098275840,Unknown
ID_722069206947205120,Unknown
ID_722069227985858560,Ecuador
ID_722073657816805376,Ecuador
ID_722074696259354624,Ecuador
ID_722076487504044032,Unknown
ID_722076692815224832,Unknown
ID_722080176239177728,Unknown
ID_722082870513246208,Ecuador
ID_722083026335694848,Ecuador
ID_722084910874419200,Ecuador
ID_722086510057635840,Unknown
ID_722087531576193024,Ecuador
ID_722089531269332992,Ecuador
ID_722089931976278016,Ecuador
ID_722089934144872448,Ecuador
ID_722093544853401600,Unknown
ID_722093828958593024,Ecuador
ID_722093837212999680,Ecuador
ID_722094809809223680,Ecuador
ID_722104290089771008,Ecuador
ID_722105257283575808,Ecuador
ID_722105444983050240,Ecuador
ID_722106660915953664,Unknown
ID_722108559446573056,Ecuador
ID_722109295941197824,Unknown
ID_722110742846173184,Ecuador
ID_722114392389730304,Ecuador
ID_722131977319657472,Unknown
ID_722138373192855552,Ecuador
ID_722139827794264064,Unknown
ID_722147510052106240,Ecuador
ID_722151373765120000,Ecuador
ID_722152645494992896,Ecuador
ID_722158806881296384,Ecuador
ID_722163156638769152,Unknown
ID_722167049502371840,Unknown
ID_722169502692208640,Ecuador
ID_722171902047993856,Unknown
ID_722173247970766848,Ecuador
ID_722177421693333504,Ecuador
ID_722179344865619968,Ecuador
ID_722182164549353472,Unknown
ID_722184211503968256,Ecuador
ID_722184216818163712,Ecuador
ID_722184997508116480,Unknown
ID_722187646894751744,Ecuador
ID_722189377426890752,Unknown
ID_722189633661116416,Ecuador
ID_722189731447074816,Unknown
ID_722193375538061312,Ecuador
ID_722194026603155456,Ecuador
ID_722196312351981568,Ecuador
ID_722199500870258688,Unknown
ID_722204384139087872,Unknown
ID_722208196115505152,Ecuador
ID_722209456143130624,Ecuador
ID_722209885958586368,Ecuador
ID_728534356034084864,Fort McMurray
ID_728545128437194752,Alberta
ID_728545222888689664,Unknown
ID_728562106291781632,Alberta
ID_728574181948928000,Unknown
ID_728580648475234304,Fort McMurray
ID_728597478946287616,Unknown
ID_728603599090024448,Unknown
ID_728604991397584896,Unknown
ID_728606798282919936,Alberta
ID_728633408159666176,Fort McMurray
ID_728633905411141632,Unknown
ID_728644856575197184,Unknown
ID_728649946929451008,Unknown
ID_728660948173475840,Unknown
ID_728664651861368832,Fort McMurray
ID_728666393655185408,Unknown
ID_728690215615750144,Unknown
ID_728695688519946240,Fort McMurray
ID_728699563972780032,Unknown
ID_728700284952715264,Unknown
ID_728705286467420160,Unknown
ID_728705357443293184,Unknown
ID_728708563087052800,Fort McMurray
ID_728712517954965504,Unknown
ID_728721733415403520,Unknown
ID_728738932909875200,Unknown
ID_728743840333504512,Alberta
ID_728746282903207936,Fort McMurray
ID_728748365865869312,Alberta
ID_728750739175051264,Alberta
ID_728755141243899904,Fort McMurray
ID_728764877641158656,Fort McMurray
ID_728831267353956352,Unknown
ID_728857199296942080,Unknown
ID_728870660508770304,Fort McMurray
ID_728923020564287488,Unknown
ID_728935137342164992,Fort McMurray
ID_728941728271470592,Alberta
ID_728954374429478912,Unknown
ID_728954588473122816,Alberta
ID_728959795106091008,Fort McMurray
ID_728988422052798464,Alberta
ID_729047443136872448,Fort McMurray
ID_729050159393312768,Alberta
ID_729064675539755008,Unknown
ID_729076792619753472,Unknown
ID_729089814411251712,Fort McMurray
ID_729091544645574656,Unknown
ID_729096029241413632,Unknown
ID_729116765813276672,Unknown
ID_729143335475027968,Unknown
ID_729163252756676608,Unknown
ID_729180270402801664,Unknown
ID_729266348153524224,Unknown
ID_729294441165426688,Unknown
ID_729325329475579904,Alberta
ID_729334461762961408,Alberta
ID_729348394884337664,Unknown
ID_729362464681250816,Unknown
ID_729362804252151808,Unknown
ID_729365930233356288,Unknown
ID_729395859490779136,Alberta
ID_729416698105872384,Fort McMurray
ID_729440732965113856,Fort McMurray
ID_729459551078993920,Unknown
ID_729515648347418624,Unknown
ID_729527862068424704,Fort McMurray
ID_729547494003232768,Unknown
ID_729621224184119296,Fort McMurray
ID_729673285387079680,Unknown
ID_729675825705029632,Fort McMurray
ID_729686157110456320,Fort McMurray
ID_729686207840444416,Unknown
ID_729690413255168000,Unknown
ID_729699540656259072,Unknown
ID_729699605651304448,Fort McMurray
ID_729701173968699392,Unknown
ID_729713715667304448,Fort McMurray
ID_729719745725882368,Unknown
ID_729723341439836160,Alberta
ID_729743392834347008,Unknown
ID_729754781435236352,Fort McMurray
ID_729763766896873472,Fort McMurray
ID_729766853518741504,Unknown
ID_729767761824583680,Alberta
ID_729778331529392128,Fort McMurray
ID_729784848546725888,Alberta
ID_729791867664093184,Fort McMurray
ID_729823911895048192,Unknown
ID_729828329189199872,FortMcMurray
ID_729839195921993728,Unknown
ID_729867300640153600,Fort McMurray
ID_729934254025547776,Unknown
ID_730002995329548288,Fort McMurray
ID_730018499955855360,Fort McMurray
ID_730020846811549696,Unknown
ID_730021938664366080,Unknown
ID_730043662713823232,Fort McMurray
ID_730070590921433088,Fort McMurray
ID_730093408145047552,Fort McMurray
ID_730134759444189184,Unknown
ID_730202253848678400,Alberta
ID_730262455457210368,Fort McMurray
ID_730400470200659968,Unknown
ID_730464599670194176,Unknown
ID_730483043140538368,Fort McMurray
ID_730492634125500416,Fort McMurray
ID_730529189648982016,Unknown
ID_730664621653278720,Unknown
ID_730812243760316416,Unknown
ID_730818270765428736,Unknown
ID_730823466228703232,Fort McMurray
ID_730834506320515072,Fort McMurray
ID_730850931315740672,Unknown
ID_730868410763116544,Unknown
ID_730881404834353152,Fort McMurray
ID_731278144645124096,Unknown
ID_731309824298909696,Unknown
ID_731336191140724736,Unknown
ID_731361386756902912,Fort McMurray
ID_731455959843917824,Unknown
ID_731512686547243008,Unknown
ID_731538620616597504,Fort McMurray
ID_731759683397136384,Fort McMurray
ID_731907535662252032,Fort McMurray
ID_731940469643587584,Fort McMurray
ID_732181515895967744,Unknown
ID_732239833834229760,Unknown
ID_732272605172924416,Unknown
ID_732338744783560704,Alberta
ID_732356000921980928,Fort McMurray
ID_732360095695310848,Fort McMurray
ID_732360851529682944,Unknown
ID_732361026604142592,Fort McMurray
ID_732365979376713728,Unknown
ID_732466521314746368,Alberta
ID_732520107738583040,Alberta
ID_732527577760436224,Alberta
ID_732539811488235520,Unknown
ID_732556743641731072,Fort McMurray
ID_732568497088172032,Unknown
ID_732570782031740928,Unknown
ID_732675961238355968,Fort McMurray
ID_732723401115107328,Unknown
ID_732752772253265920,Unknown
ID_732765317005488128,Fort McMurray
ID_732779448504836096,Unknown
ID_732937962015461376,Unknown
ID_732953920687874048,Canada
ID_732991451093557248,Unknown
ID_733023048073383936,Alberta
ID_733068250725142528,Fort McMurray
ID_733078333563359232,Unknown
ID_733352833580474368,Unknown
ID_733413736686358528,Alberta
ID_733451122011181056,Alberta
ID_733649652042637312,Alberta
ID_733688875529293824,Unknown
ID_733750628137066496,Unknown
ID_733800539511619584,Alberta
ID_733883217036468224,Unknown
ID_733903030660173824,Alberta
ID_734175060903137280,Unknown
ID_734393386589884416,Fort McMurray
ID_734515181896781824,Unknown
ID_734562552135450624,Fort McMurray
ID_734857889995755520,Unknown
ID_734948198658105344,Unknown
ID_735178846849404928,Unknown
ID_735556905192427520,Unknown
ID_735619028559880192,Alberta
ID_735663278165229568,Alberta
ID_735813403168608256,Alberta
ID_735885139683639296,Fort McMurray
ID_768468974854082560,Unknown
ID_768469571326078976,Unknown
ID_768472827527737344,Unknown
ID_768483580813148160,Unknown
ID_768501900178255872,Italy
ID_768505487461449728,Italy
ID_768507552468377600,Unknown
ID_768518904952086528,Unknown
ID_768520413760618496,Unknown
ID_768541667381116928,Unknown
ID_768545980518109184,Italy
ID_768550888399114240,Unknown
ID_768570891336839168,Unknown
ID_768572711102738432,Unknown
ID_768574297992470528,Italy
ID_768579987247013888,Italy
ID_768699836170403840,Unknown
ID_768700951989551104,Unknown
ID_768706315564834816,Unknown
ID_768718414772920320,Unknown
ID_768720766976352256,Unknown
ID_768721598274822144,Unknown
ID_768730678112419840,Unknown
ID_768755676420145152,Unknown
ID_768769359959457792,Italy
ID_768805608426471424,Unknown
ID_768816590368411648,Italy
ID_768818737172582400,Unknown
ID_768851443117879296,Unknown
ID_768879098470871040,Unknown
ID_768921609147191296,Unknown
ID_768924405397352448,Unknown
ID_769037002415235072,Unknown
ID_769061028386701312,Unknown
ID_769063505576296448,Unknown
ID_769101911949713408,Unknown
ID_769108185303179264,Italy
ID_769159788605370368,Unknown
ID_769181207410204672,Unknown
ID_769460209328717824,Unknown
ID_769515903469907968,Unknown
ID_769596037417803776,Unknown
ID_769910288481222656,Unknown
ID_769984880168042496,Unknown
ID_771425241268498432,New Zealand
ID_771426001834303488,New Zealand
ID_771427974704836608,Unknown
ID_771429366626594816,Unknown
ID_771430404196667392,New Zealand
ID_771431391149957120,Wellington
ID_771431680972165120,Unknown
ID_771436436826443776,Unknown
ID_771451745843027968,New Zealand
ID_771455644482187264,New Zealand
ID_771455893074354176,Unknown
ID_771457631328301056,Unknown
ID_771469623921258496,New Zealand
ID_783383316888117248,Haiti
ID_783385314555531264,Haiti
ID_783388903676018688,Haiti
ID_783393218792714240,Haiti
ID_783394299031461888,Haiti
ID_783395012260147200,Haiti
ID_783398854959828992,Haiti
ID_783402679967977472,Haiti
ID_783403166113013760,Haiti
ID_783403211965292544,Haiti
ID_783405633450180608,Haiti
ID_783407098654699520,Unknown
ID_783411018684854272,Haiti
ID_783411606298296320,Haiti
ID_783418713378844672,Haiti
ID_783422604069654528,Unknown
ID_783424296739831808,Unknown
ID_783426492952899584,Haiti
ID_783429009401008128,Haiti
ID_783429151529308160,Haiti
ID_783430549062967296,South Carolina
ID_783431996794105856,Haiti
ID_783436659949985792,Haiti
ID_783438681621143552,Haiti
ID_783453931410251776,Haiti
ID_783456690754682880,Unknown
ID_783465212687052800,Haiti
ID_783472997709471744,Haiti
ID_783481455955423232,Haiti
ID_783487635780173824,Haiti
ID_783493456257687552,Unknown
ID_783496257054633984,Haiti
ID_783496748476030976,Haiti
ID_783497536946470912,Haiti
ID_783512857686179840,Haiti
ID_783517570158714880,Haiti
ID_783529112568795136,Haiti
ID_783534531294920704,Haiti
ID_783539813463027712,Haiti
ID_783550843375218688,Haiti
ID_783566165016739840,Haiti
ID_783566922247905280,Haiti
ID_783586053215051776,Haiti
ID_783587286546079744,Haiti
ID_783605256433393664,Haiti
ID_783608502015053824,Haiti
ID_783610563012231168,Haiti
ID_783611689577148416,Haiti
ID_783634879971852288,Haiti
ID_783639547703808000,Unknown
ID_783641994270760960,South Carolina
ID_783652917597315072,Haiti
ID_783662293066346496,Haiti
ID_783668354452189184,Unknown
ID_783670395010449408,Haiti
ID_783674490672717824,Unknown
ID_783675917990232064,Haiti
ID_783679719581573120,Haiti
ID_783686318609936384,Haiti
ID_783689643917242368,Haiti
ID_783692167978086400,Unknown
ID_783693570704220160,Haiti
ID_783693947558178816,Haiti
ID_783699184025239552,Haiti
ID_783701383249850368,Haiti
ID_783702603204927488,Haiti
ID_783702972199043072,Haiti
ID_783703309186048000,Haiti
ID_783704564859965440,Haiti
ID_783707214271741952,Haiti
ID_783725049995988992,Unknown
ID_783733936279007232,Haiti
ID_783734788502859776,Haiti
ID_783735836160331776,Haiti
ID_783738443260108800,Haiti
ID_783739988391268352,Haiti
ID_783750156286042112,Unknown
ID_783750375169888256,Haiti
ID_783752281992769536,Haiti
ID_783758250680393728,Haiti
ID_783765099811049472,Haiti
ID_783767782265593856,Haiti
ID_783768304699703296,Haiti
ID_783771836735782912,Haiti
ID_783771967530885120,Haiti
ID_783775873052717056,Haiti
ID_783776844428484608,Haiti
ID_783779269721874432,Haiti
ID_783785407800565760,Unknown
ID_783786462432993280,Haiti
ID_783788546222125056,Haiti
ID_783797367258570752,Haiti
ID_783801079901347840,Bahamas
ID_783820755280605184,Haiti
ID_783824703278415872,Haiti
ID_783826569538273280,Haiti
ID_783827456713121792,Unknown
ID_783827506357014528,Haiti
ID_783830416419684352,Haiti
ID_783831303544242176,Haiti
ID_783831315149881344,Haiti
ID_783832514565640192,Haiti
ID_783833683459309568,Haiti
ID_783834022090674176,Haiti
ID_783834163346497536,Haiti
ID_783834801379782656,Haiti
ID_783836362789097472,Haiti
ID_783839082648473600,Haiti
ID_783845072802500608,Haiti
ID_783849411302526976,Haiti
ID_783853828114440192,Haiti
ID_783854988464365568,Haiti
ID_783856367383646208,Haiti
ID_783864451170611200,Haiti
ID_783867719905058816,Haiti
ID_783870371887853568,Haiti
ID_783872136800632832,Haiti
ID_783875703443816448,Haiti
ID_783881738858659840,Haiti
ID_783882565136490496,Haiti
ID_783883956512968704,Haiti
ID_783884906833121280,Haiti
ID_783900032214806528,Haiti
ID_783908261468647424,Haiti
ID_783917160687104000,Haiti
ID_783917851128188928,Haiti
ID_783920880355127296,Unknown
ID_783923587971321856,Haiti
ID_783924572345266176,Unknown
ID_783930991387762688,Haiti
ID_783931318505701376,Haiti
ID_783932324325036032,Haiti
ID_783937108683722752,Haiti
ID_783938059586924544,Haiti
ID_783939520081387520,Haiti
ID_783940510268350464,Haiti
ID_783941693687013376,Haiti
ID_783944326770372608,Haiti
ID_783966533525516288,Haiti
ID_783970973305466880,Haiti
ID_783984300681105408,Haiti
ID_783986178118692864,Haiti
ID_783991683188948992,Haiti
ID_783992995582468096,Haiti
ID_783995382758051840,Haiti
ID_783999699049209856,Haiti
ID_784649065980190720,Unknown
ID_784649348466380800,Florida
ID_784649359292002304,Unknown
ID_784689314571485184,Unknown
ID_784696682344656896,Haiti
ID_784697343807545344,Haiti
ID_784697434656034816,Haiti
ID_784697505946578944,Haiti
ID_784698801646817280,Haiti
ID_797789706171711488,Unknown
ID_797790246242897920,Unknown
ID_797790250449784832,Unknown
ID_797790695352254464,New Zealand
ID_797791035795476480,Unknown
ID_797791045593354240,Wellington
ID_797791081735671808,Unknown
ID_797791151688327168,New Zealand
ID_797791766954901504,Unknown
ID_797792919960756224,Unknown
ID_797793237767319552,Unknown
ID_797794239488741376,Unknown
ID_797794346410000384,New Zealand
ID_797794696001159168,New Zealand
ID_797794701445238784,New Zealand
ID_797796800706904064,Unknown
ID_797797038779838464,Ecuador
ID_797797510945193984,New Zealand
ID_797798574306140160,Wellington
ID_797800573663780864,Unknown
ID_797800676545863680,Unknown
ID_797801243921895424,Kaikoura
ID_797801571794882560,Unknown
ID_797801806621351936,Unknown
ID_797804567781965824,Unknown
ID_797805152040194048,Kaikoura
ID_797805580299763712,Unknown
ID_797808079400095744,Unknown
ID_797808377191600128,Unknown
ID_797811481383292928,New Zealand
ID_797812606857871360,Unknown
ID_797813945411182592,New Zealand
ID_797813950289244160,New Zealand
ID_797814695772073984,Unknown
ID_797815224212426752,Unknown
ID_797818646005321728,Unknown
ID_797822114732470272,Unknown
ID_797822223453040640,Unknown
ID_797825176960253952,Unknown
ID_797827974523338752,New Zealand
ID_797833774197194752,New Zealand
ID_797838581997981696,New Zealand
ID_797846106688274432,New Zealand
ID_797846945255473152,Unknown
ID_797848229110910976,Unknown
ID_797850667964469248,Unknown
ID_797851086279147520,New Zealand
ID_797851278864957440,New Zealand
ID_797856051949281280,Kaikoura
ID_797857048520224768,New Zealand
ID_797859514766790656,Unknown
ID_797859644165083136,New Zealand
ID_797861638271418368,New Zealand
ID_797865956789751808,New Zealand
ID_797867002962423808,Unknown
ID_797867144193024000,New Zealand
ID_797869352150126592,New Zealand
ID_797872279161966592,Unknown
ID_797873680407789568,New Zealand
ID_797874752555626496,Unknown
ID_797877792113201152,New Zealand
ID_797878510425546752,New Zealand
ID_797886327823810560,Unknown
ID_797891469562392576,New Zealand
ID_797891578484269056,Wellington
ID_797891966046388224,New Zealand
ID_797892470725971968,Unknown
ID_797901131439443968,Wellington
ID_797904122494095360,Unknown
ID_797905177105678336,Kaikoura
ID_797905734864207872,Unknown
ID_797906496453419008,Unknown
ID_797907088324300800,New Zealand
ID_797911656806289408,New Zealand
ID_797930611390304256,Unknown
ID_797930787202998272,New Zealand
ID_797934809230155776,Unknown
ID_797936719949545472,New Zealand
ID_797941166935154688,New Zealand
ID_797941433713848320,Unknown
ID_797941957943173120,Unknown
ID_797942129901256704,Unknown
ID_797942677350141952,Wellington
ID_797944165174652928,New Zealand
ID_797956205998010368,Unknown
ID_797962500784340992,New Zealand
ID_797964074873036800,Unknown
ID_797964102433787904,New Zealand
ID_797966573294088192,Wellington
ID_797967765424324608,New Zealand
ID_797968377465610240,Unknown
ID_797970705329463296,Kaikoura
ID_797974481138397184,Unknown
ID_797979952880549888,Unknown
ID_797980725236613120,New Zealand
ID_797981273834790912,New Zealand
ID_797985253272866816,New Zealand
ID_797988337768239104,New Zealand
ID_797991178259992576,New Zealand
ID_797992489441296384,Unknown
ID_797994890483245056,Unknown
ID_797999551693131776,New Zealand
ID_798002317127655424,Unknown
ID_798003886531317760,Unknown
ID_798007105634508800,Unknown
ID_798007786822979584,New Zealand
ID_798013173076889600,Unknown
ID_798017047540047872,Unknown
ID_798017069799247872,New Zealand
ID_798031450100535296,New Zealand
ID_798066848176574464,New Zealand
ID_798086210342092800,New Zealand
ID_798092620526329856,Kaikoura
ID_798107229924622336,New Zealand
ID_798176297470033920,New Zealand
ID_798185118800093184,Unknown
ID_798282528327159808,Unknown
ID_798308033478561792,Kaikoura
ID_798331382355197952,Unknown
ID_798338598151942144,New Zealand
ID_798348515864813568,Unknown
ID_798358116513419264,Kaikoura
ID_798410286394994688,Kaikoura
ID_798412719963701248,Unknown
ID_798414540883054592,Unknown
ID_798415287901102080,Unknown
ID_798423960782303232,Unknown
ID_798476044420272128,Unknown
ID_798488400877658112,Unknown
ID_798488445769220096,New Zealand
ID_798497925445939200,New Zealand
ID_798601798726496256,Unknown
ID_798607684660436992,Unknown
ID_798610347930193920,Unknown
ID_798639915139362816,Kaikoura
ID_798668870860976128,Unknown
ID_798669237027938304,Unknown
ID_798672082770898944,Unknown
ID_798674074805436416,Unknown
ID_798713310149373952,Kaikoura
ID_798727277794033664,New Zealand
ID_798744524155748352,Unknown
ID_798786733852631040,Unknown
ID_798809755833634816,New Zealand
ID_798863128469512192,Unknown
ID_798946002463924224,New Zealand
ID_800239650665177088,New Zealand
ID_800442001984520192,Unknown
ID_800495952419123200,Unknown
ID_800516482870300672,Unknown
ID_800523041264414720,Unknown
ID_800577888672063488,New Zealand
ID_800816642867412992,Kaikoura
ID_800946260601511936,Unknown
ID_869952624593915904,SriLanka
ID_869967624435900416,Unknown
ID_869984764933136384,Sri Lanka
ID_870014188411916288,SriLanka
ID_870104744869732352,SriLanka
ID_870108126766395392,SriLanka
ID_870111913832833024,Unknown
ID_870130826469679104,SriLanka
ID_870135696933109760,Sri Lanka
ID_870142270552649728,Sri Lanka
ID_870177938620243968,Sri Lanka
ID_870184188342829056,SriLanka
ID_870198877101727744,Unknown
ID_870224110848102400,Unknown
ID_870244098338377728,Unknown
ID_870245570039996416,Unknown
ID_870252738852139008,Sri Lanka
ID_870259920695734272,Sri Lanka
ID_870261679778562048,SriLanka
ID_870261750301642752,Unknown
ID_870298761204912128,Unknown
ID_870318925841551360,Unknown
ID_870325729241726976,Sri Lanka
ID_870395005386584064,Unknown
ID_870528515803709440,Unknown
ID_870533145472507904,Unknown
ID_870535125099884544,Sri Lanka
ID_870559191844491264,Unknown
ID_870561572938231808,Unknown
ID_870589078479134720,SriLanka
ID_870589481862258688,Unknown
ID_870595597694148608,Unknown
ID_870604344713936896,SriLanka
ID_870625024239120384,SriLanka
ID_870904365577453568,SriLanka
ID_870988094287302656,Unknown
ID_871192926872899584,Unknown
ID_871208155463680000,Unknown
ID_871231357741125632,SriLanka
ID_871273497481367552,SriLanka
ID_871403185881190400,Unknown
ID_871425020181872640,Sri Lanka
ID_871479652027555840,Sri Lanka
ID_871650174073884672,Unknown
ID_871726064531161088,Sri Lanka
ID_871807985353359360,Sri Lanka
ID_871882191416041472,Sri Lanka
ID_872049578572492800,SriLanka
ID_872080126984339456,Sri Lanka
ID_872123507961942016,SriLanka
ID_872133448663683072,Sri Lanka
ID_872209745653923840,Unknown
ID_872441330147876864,Sri Lanka
ID_872540655733624832,Sri Lanka
ID_872671646749827072,Unknown
ID_872714386133090304,Sri Lanka
ID_872909214481432576,Sri Lanka
ID_873566303545696256,Sri Lanka
ID_873586632011788288,Unknown
ID_873652760440438784,Unknown
ID_873664210928009216,Sri Lanka
ID_873707759283437568,SriLanka
ID_873906773777895424,SriLanka
ID_874152648911540224,Sri Lanka
ID_874872959437070336,SriLanka
ID_876024256894824448,Unknown
ID_876316720109060096,SriLanka
ID_877124359478927360,Unknown
ID_877452660626137088,SriLanka
ID_877645428031750144,Unknown
ID_877838559696367616,Unknown
ID_878258879036915712,SriLanka
ID_878855642890596352,Sri Lanka
ID_878858722373709824,SriLanka
ID_901264485352173568,Unknown
ID_901439076829736960,Unknown
ID_901446617609515008,Texas
ID_901536107795501056,Texas
ID_901538257091145728,Texas
ID_901560423484342272,Unknown
ID_901572527897673728,Texas
ID_901663091443818496,Unknown
ID_901672131116670976,Unknown
ID_901679860518707200,Unknown
ID_901693022366162944,Texas
ID_901701358067359744,Houston
ID_901701369983373312,Unknown
ID_901705989971255296,Texas
ID_901717610995355648,Texas
ID_901733501686374400,Texas
ID_901734036468637696,Unknown
ID_901746907382472704,Texas
ID_901747295267512320,Texas
ID_901751794400886784,Unknown
ID_901764377904381952,Texas
ID_901771496930103296,Unknown
ID_901772397967224832,Texas
ID_901783643626110976,Unknown
ID_901796888336375808,Unknown
ID_901821632607469568,Houston
ID_901835436628344832,Unknown
ID_901889596526559232,Texas
ID_901914327954927616,Texas
ID_902603886535426048,Unknown
ID_902607052337532928,Texas
ID_902607141814591488,Unknown
ID_902608309009752064,Texas
ID_902614026424856576,Houston
ID_902618026620719104,Unknown
ID_902619697245372416,Unknown
ID_902629843384328192,Unknown
ID_902634637733892096,Unknown
ID_902638570363609088,Unknown
ID_902638902065975296,Unknown
ID_902646103060996096,Unknown
ID_902646450861084672,Unknown
ID_902646829090820096,Texas
ID_902648150166568960,Unknown
ID_902649278090313728,Unknown
ID_902649306099920896,Unknown
ID_902650531503529984,Unknown
ID_902653367587147776,Texas
ID_902653444745547776,Texas
ID_902653690632314880,Houston
ID_902657588583682048,Unknown
ID_902658787080900608,Unknown
ID_902669182667542528,Unknown
ID_902694155897450496,Unknown
ID_902696015182012416,Unknown
ID_902718832749535232,Unknown
ID_902743433902661632,Houston
ID_902851683251875840,Unknown
ID_902852329392791552,Texas
ID_902854128006811648,Unknown
ID_902854719500161024,Texas
ID_902855149642686464,Texas
ID_902856788780892160,Texas
ID_902857893858422784,Unknown
ID_902864519705354240,Houston
ID_902866033454829568,Unknown
ID_902873470354292736,Unknown
ID_902882494525136896,Texas
ID_902885406911471616,Houston
ID_902891297249353728,Unknown
ID_902893863320346624,Houston
ID_902896785588457472,Unknown
ID_902897278721163264,Unknown
ID_902903589617770496,Texas
ID_902904706284048384,Texas
ID_902905277565067264,Texas
ID_902906600079294464,Texas
ID_903048427164065792,Unknown
ID_903054148337324032,Houston
ID_903063146948157440,Unknown
ID_903352836628480000,Texas
ID_903360484409307136,Unknown
ID_903379632719888384,Texas
ID_903384893262102528,Unknown
ID_903391856565805056,Texas
ID_903398960383102976,Texas
ID_903401491351822336,Unknown
ID_903435368481136640,Unknown
ID_903448042703114240,Unknown
ID_903464198226796544,Unknown
ID_903556196556193792,Unknown
ID_903575686409007104,Texas
ID_903576804048478208,Unknown
ID_903581268767637504,Houston
ID_903597712251248640,Texas
ID_903618920325709824,Unknown
ID_903644050150051840,Unknown
ID_903645855080697856,Texas
ID_903650683542540288,Unknown
ID_903665421794009088,Houston
ID_903668005132959744,Unknown
ID_903671064554811392,Unknown
ID_903686490051530752,Unknown
ID_903693952888471552,Unknown
ID_903695569339781120,Houston
ID_903743703759630336,Texas
ID_903749751669231616,Unknown
ID_903750786668224512,Unknown
ID_903756103644786688,Unknown
ID_903762039574749184,Unknown
ID_905305610404679680,Houston
ID_905336132950478848,Florida
ID_905357568993705984,Unknown
ID_905511427523403776,Unknown
ID_905567685249040384,Unknown
ID_905581884620521472,Unknown
ID_905584194750824448,Unknown
ID_905600382096752640,Unknown
ID_905642071976951808,Unknown
ID_905647905205248000,Unknown
ID_905701097041530880,Unknown
ID_905720595027042304,Unknown
ID_905720731937505280,Florida
ID_905720980219334656,Florida
ID_905721646010552320,Unknown
ID_905721825182830592,Unknown
ID_905728290463379456,Unknown
ID_905738580034772992,Unknown
ID_905744292056100864,Florida
ID_905755179550728192,Unknown
ID_905762138920275968,Unknown
ID_905886017336561664,Florida
ID_905886292097069056,Unknown
ID_905886457679708160,Unknown
ID_905899198796660736,Unknown
ID_905904770279452672,Unknown
ID_905916654600810496,Unknown
ID_905999661068148736,Unknown
ID_906111101888335872,Unknown
ID_906133806238879744,Florida
ID_906134840369668096,Unknown
ID_906191970166497280,Unknown
ID_906191991385534464,Unknown
ID_906220850982084608,Unknown
ID_906276034017976320,Unknown
ID_906305526321090560,Florida
ID_906307402529742848,Unknown
ID_906325352560992256,Florida
ID_906513539401175040,Unknown
ID_906527405644423168,Unknown
ID_906547230982602752,Unknown
ID_906598076382629888,Unknown
ID_906645137203367936,Unknown
ID_906649751675961344,Florida
ID_906655372378820608,Unknown
ID_906686673483730944,Unknown
ID_906871868522680320,Unknown
ID_906927865408708608,Florida
ID_907003765986938880,Florida
ID_907023638410403840,Unknown
ID_907073229235347456,Unknown
ID_907100671064854528,Unknown
ID_907119060629864448,Florida
ID_907201817431478272,Unknown
ID_907238801797292032,Mexico
ID_907262817497227264,Unknown
ID_907316260907732992,Unknown
ID_907346915305639936,Unknown
ID_907355309177532416,Unknown
ID_907388848807731200,Unknown
ID_907487411852034048,South Carolina
ID_907492875092365312,Unknown
ID_907579982368702464,Unknown
ID_907629464707727360,Unknown
ID_907637665025191936,South Carolina
ID_907705437843329024,Unknown
ID_907744081044017152,Unknown
ID_907764745247133696,Florida
ID_907934034252095488,Unknown
ID_907943716001808384,Unknown
ID_907950919362514944,Florida
ID_907963502773592064,Unknown
ID_907965199038205952,Mexico
ID_907967398615162880,Mexico
ID_907972948878876672,Unknown
ID_907987209634156544,Unknown
ID_907997789359149056,Unknown
ID_908001976843153408,Unknown
ID_908012094741676032,Unknown
ID_908042636879114240,Haiti
ID_908045879277473792,Unknown
ID_908059354535911424,Florida
ID_908068144501149696,Unknown
ID_908114652898324480,Unknown
ID_908125003035672576,Unknown
ID_908141266613018624,Florida
ID_908144776821788672,Florida
ID_908144805124956160,Unknown
ID_908226318130704384,Florida
ID_908231181447188480,Unknown
ID_908245586540941312,Unknown
ID_908267821532106752,Florida
ID_908276339744047104,Unknown
ID_908280335644884992,Unknown
ID_908286792717266944,Unknown
ID_908287460400091136,Unknown
ID_908320341612748800,Unknown
ID_908326332785942528,Florida
ID_908355079337594880,Florida
ID_908361162034745344,Florida
ID_908375708006703104,Mexico
ID_908383055752114176,Unknown
ID_908389993642684416,Unknown
ID_908390933544173568,Florida
ID_908393066268110848,Unknown
ID_908439719364657152,Unknown
ID_908463698749960192,Unknown
ID_908489547922788352,Mexico
ID_908513569532256256,Unknown
ID_908526969456779264,Unknown
ID_908537585257021440,Unknown
ID_908546892585242624,Unknown
ID_908552168906428416,Florida
ID_908557563993645056,Unknown
ID_908568831676657664,Unknown
ID_908590342718590976,Florida
ID_908624039530385408,Florida
ID_908626005253869568,Unknown
ID_908630845878976512,Florida
ID_908632742790918144,Unknown
ID_908672815490043904,Unknown
ID_908695370577956864,Unknown
ID_908721429801250816,Unknown
ID_908743518562242560,Houston
ID_908754446540144640,Florida
ID_908789562196992000,Florida
ID_908793027883360256,Florida
ID_908812261787148288,Mexico
ID_908815606102798336,Unknown
ID_908815612926922752,Florida
ID_908836650276544512,Unknown
ID_908844545219186688,Unknown
ID_908847499980533760,Florida
ID_908850037928730624,Florida
ID_908925545370578944,Unknown
ID_908931595297370112,Florida
ID_909082940793114624,Unknown
ID_909141855018856448,Florida
ID_909247223539666944,Florida
ID_909269271909470208,Unknown
ID_909361189972361216,Florida
ID_909386454111068160,Unknown
ID_909389858946285568,Unknown
ID_909419763306303488,Unknown
ID_909420203947180032,Unknown
ID_909424250536292352,Unknown
ID_909430097664409600,Unknown
ID_909431742171418624,Florida
ID_909437890085756928,Florida
ID_909455122094280704,Unknown
ID_909456745436778496,Unknown
ID_909474156659359744,Florida
ID_909476952008003584,Unknown
ID_909480086486777856,Unknown
ID_909503639580037120,Unknown
ID_909537882028728320,Unknown
ID_909541990127345664,Unknown
ID_909545688647720960,Florida
ID_909551842593558528,Unknown
ID_910523497943666688,Mexico City
ID_910524709078470656,Mexico
ID_910524897218019328,Mexico City
ID_910524918298591232,Mexico
ID_910531975483723776,Puerto Rico
ID_910532334549704704,Mexico
ID_910532844056829952,Mexico
ID_910533672247246848,Mexico City
ID_910534135734730752,Puerto Rico
ID_910536681702354944,Mexico
ID_910538789969289216,Mexico City
ID_910540620573192192,Puerto Rico
ID_910540869236699136,Mexico
ID_910541145867829248,Mexico
ID_910542280683020288,Mexico
ID_910542610330116096,Mexico
ID_910543214997843968,Unknown
ID_910546095880540160,Mexico
ID_910546863207657472,Mexico
ID_910547294923231232,Mexico
ID_910551560752467968,Mexico
ID_910554973594779648,Mexico
ID_910555568917454848,Mexico
ID_910558817225764864,Mexico City
ID_910559290561359872,Mexico
ID_910560031744999424,Mexico
ID_910560477733724160,Mexico City
ID_910560551784165376,Mexico
ID_910562108907155456,Puerto Rico
ID_910564868901658624,Mexico
ID_910567505512431616,Mexico
ID_910567740817129472,Mexico
ID_910570579715149824,Mexico
ID_910571033580785664,Mexico
ID_910571779361472512,Mexico
ID_910572599238782976,Mexico City
ID_910572946137247744,Mexico
ID_910575552091885568,Mexico
ID_910576028304715776,Unknown
ID_910576832981950464,Puerto Rico
ID_910577892962324480,Mexico
ID_910579377859026944,Mexico
ID_910580252300029952,Mexico
ID_910580496630996992,Puerto Rico
ID_910580874776842240,Mexico
ID_910581559215960064,Mexico
ID_910582182040682496,Mexico
ID_910585374388445184,Mexico
ID_910585646942642176,Mexico
ID_910610378391928832,Mexico
ID_910611634120482816,Mexico
ID_910614660629487616,Mexico
ID_910615609800577024,Puerto Rico
ID_910615962939932672,Unknown
ID_910618672175157248,Mexico
ID_910618681796829184,Mexico City
ID_910619338855432192,Mexico
ID_910622111298863104,Mexico
ID_910622360541134848,Mexico
ID_910622361975582720,Mexico
ID_910623766224310272,Mexico
ID_910624637033357312,Mexico
ID_910624918550835200,Unknown
ID_910626767106428928,Unknown
ID_910626827940409344,Mexico
ID_910632954203738112,Mexico
ID_910633234261696512,Mexico City
ID_910636552950132736,Mexico
ID_910638457768124416,Mexico
ID_910639318460280832,Mexico
ID_910641165564706816,Mexico
ID_910643324175790080,Mexico City
ID_910643615914790912,Mexico
ID_910644412429955072,Mexico City
ID_910644973862653952,Mexico
ID_910646772812333056,Mexico City
ID_910646785814691840,Puerto Rico
ID_910649843093086208,Mexico
ID_910657952176005120,Mexico
ID_910658234649681920,Mexico
ID_910671328818102272,Mexico
ID_910676529511792640,Mexico
ID_910677524346159104,Mexico
ID_910677987598647296,Unknown
ID_910680403014385664,Mexico
ID_910680782947090432,Puerto Rico
ID_910680789699854336,Mexico
ID_910681236477067264,Mexico City
ID_910681795225575424,Mexico
ID_910687250467262464,Mexico
ID_910687750537355264,Puerto Rico
ID_910688283100831744,Mexico
ID_910689418134073344,Puerto Rico
ID_910689690453340160,Mexico
ID_910690177110220800,Puerto Rico
ID_910691787307499520,Mexico
ID_910691947890614272,Mexico
ID_910693586085318656,Unknown
ID_910694043708993536,Mexico
ID_910698815304413184,Mexico
ID_910699219693985792,Mexico
ID_910701306465148928,Mexico
ID_910704638067867648,Mexico City
ID_910704653003714560,Mexico
ID_910705418350891008,Mexico
ID_910706558090252288,Mexico
ID_910707718746513408,Mexico City
ID_910708636309213184,Mexico
ID_910708769247686656,Unknown
ID_910708972851683328,Mexicos
ID_910709851503898624,Unknown
ID_910711736222830592,Mexico
ID_910713702969745408,Mexico
ID_910714693026701312,Mexico City
ID_910715266723483648,Mexico
ID_910717444628598784,Mexico
ID_910717644017303552,Mexico City
ID_910718009727209472,Mexico City
ID_910719187504394240,Puerto Rico
ID_910720128077189120,Mexico
ID_910720771437215744,Puerto Rico
ID_910723415769862144,Mexico
ID_910724659712212992,Mexico
ID_910724667131990016,Dominica
ID_910725478390022144,Unknown
ID_910729984783855616,Mexico
ID_910736438148419584,Mexico
ID_910736673025093632,Puerto Rico
ID_910737929194037248,Mexico
ID_910738575938822144,Unknown
ID_910740304797593600,Mexico
ID_910741049957584896,Mexico
ID_910742534678351872,Mexico
ID_910744990636224512,Mexicos
ID_910746454515503104,Mexico
ID_910747823250931712,Mexico City
ID_910752059556691968,Mexico
ID_910754444245118976,Mexico City
ID_910755189673517056,Puerto Rico
ID_910756559638036480,Mexico
ID_910770903343972352,Mexico City
ID_910775500150382592,Mexicos
ID_910778501430697984,Mexico
ID_910784890614009856,Mexico
ID_910785629633630208,Mexico
ID_910792764589305856,Mexico
ID_910804426440372224,Mexico
ID_910804634314399744,Mexico City
ID_910813014739230720,Mexico City
ID_911549177523589120,Puerto Rico
ID_911554672804147200,Puerto Rico
ID_911567124799348736,Unknown
ID_911595133258178560,Puerto Rico
ID_911597108872073216,PuertoRico
ID_911621950547615744,Mexico
ID_911624575049400320,Mexico
ID_911629818671669248,Unknown
ID_911634328215543808,Unknown
ID_911638400175878144,Unknown
ID_911645122353385472,Puerto Rico
ID_911646951581523968,Unknown
ID_911656052181016576,Unknown
ID_911656414556282880,Mexico
ID_911665054654750720,Mexico
ID_911667199252758528,Puerto Rico
ID_911672687289913344,Mexico
ID_911688751386112000,Mexico
ID_911691054566531072,Mexico
ID_911696373032062976,Mexico
ID_911701866970525696,Puerto Rico
ID_911702486695792640,Mexico
ID_911705151932469248,Mexico
ID_911710108094226432,Mexico
ID_911713536342155264,Puerto Rico
ID_911717081422323712,Mexico
ID_911719248669507584,Mexico City
ID_911726497551065088,Unknown
ID_911732116026679296,Mexico
ID_911733512079855616,Unknown
ID_911735613782667264,PuertoRico
ID_911742022079455232,Mexico
ID_911746243881312256,PuertoRico
ID_911748493361811456,Mexico
ID_911757952213807104,Unknown
ID_911774811143188480,Mexico City
ID_911776987122929664,Unknown
ID_911784626691047424,Mexico
ID_911828680078512128,Mexico
ID_911831029748518912,Mexico
ID_911839965159575552,Mexico
ID_911844617234059264,Unknown
ID_911873646775255040,Unknown
ID_911882316078813184,Mexico
ID_911913348517810176,Puerto Rico
ID_911948067104067584,Puerto Rico
ID_911951701766279168,Mexico
ID_911961735149518848,Puerto Rico
ID_911972113950609408,Puerto Rico
ID_911974703211978752,Puerto Rico
ID_911974830479757312,Unknown
ID_911976353104265216,Mexico
ID_911996623315783680,Mexico
ID_911999552613441536,Mexico City
ID_912000594784681984,Mexico
ID_912015291802103808,Mexico
ID_912065806669934592,Mexico
ID_912078087868776448,Puerto Rico
ID_912078871461335040,Unknown
ID_912086026968899584,Mexico
ID_912087866137866240,Unknown
ID_912088036229259264,Mexico
ID_912088578276159488,Mexico City
ID_912092660059508736,Mexico
ID_912094772155822080,Unknown
ID_912095234338754560,Puerto Rico
ID_912107520340238336,Puerto Rico
ID_912124173698211840,Puerto Rico
ID_912124233525944320,Mexico City
ID_912135344862126080,Mexico
ID_912156867232653312,Mexico
ID_912176893528592384,PuertoRico
ID_912179849707503616,Unknown
ID_912183268577071104,Unknown
ID_912193322126585856,Puerto Rico
ID_912195797772517376,Puerto Rico
ID_912196348958588928,Puerto Rico
ID_912206788841365504,Dominica
ID_912211328990797824,PuertoRico
ID_912245728893915136,Unknown
ID_912247557224648704,Unknown
ID_912264781536665600,Mexico City
ID_912267672372629504,Puerto Rico
ID_912272394974265344,Puerto Rico
ID_912276871949180928,Mexico
ID_912277165386768384,Puerto Rico
ID_912278933202227200,Mexico
ID_912287091026997248,Dominica
ID_912287962666332160,Puerto Rico
ID_912293738076164096,Mexico
ID_912297841896325120,Unknown
ID_912299307050573824,Mexico
ID_912299591097298944,Unknown
ID_912313500831281152,Unknown
ID_912314490351431680,PuertoRico
ID_912314925858488320,Unknown
ID_912317963285475328,Unknown
ID_912320518765858816,Unknown
ID_912322799037042688,Mexico
ID_912323224083615744,Mexico
ID_912326672807899136,Mexico
ID_912332102280114176,Unknown
ID_912334268273168384,Puerto Rico
ID_912334768192262144,Mexico
ID_912354634265616384,Unknown
ID_912356979238203392,Puerto Rico
ID_912361186313801728,PuertoRico
ID_912362540612558848,Puerto Rico
ID_912363705521905664,Mexico
ID_912364624426672128,Mexico
ID_912372419733618688,Puerto Rico
ID_912375775835377664,Puerto Rico
ID_912376284365369344,Unknown
ID_912381942368165888,Unknown
ID_912402924575305728,Puerto Rico
ID_912403188237651968,Unknown
ID_912403360581595136,Puerto Rico
ID_912418902910566400,Puerto Rico
ID_912424911930630144,Unknown
ID_912425509216063488,Puerto Rico
ID_912426717888892928,Mexico
ID_912432135352537088,PuertoRico
ID_912445527781806080,Mexicos
ID_912452702189375488,Mexico
ID_912456273249079296,PuertoRico
ID_912457559772209152,Mexico
ID_912461989087236096,Puerto Rico
ID_912463081447608320,Unknown
ID_912466561449037824,PuertoRico
ID_912950828239122432,Mexico
ID_912963737363021824,Mexico
ID_912970229470388224,Puerto Rico
ID_912980965659693056,Puerto Rico
ID_912992935255396352,Unknown
ID_912994342930849792,Mexico City
ID_912999826438152192,Unknown
ID_913000732479107072,Puerto Rico
ID_913011290012037120,Mexico
ID_913011423290195968,Puerto Rico
ID_913026275526180864,PuertoRico
ID_913026646462083072,Mexico
ID_913033759397642240,Mexico City
ID_913050856240672768,Mexico
ID_913053124277018624,Puerto Rico
ID_913059002862505984,Puerto Rico
ID_913063568232243200,Puerto Rico
ID_913089233455390720,Puerto Rico
ID_913090075776491520,Unknown
ID_913098221307727872,Unknown
ID_913104301089734656,Mexico
ID_913108721500327936,Mexico
ID_913117876982370304,PuertoRico
ID_913129065317466112,Unknown
ID_913129390547931136,Unknown
ID_913131705074114560,Unknown
ID_913135557441675264,Mexico
ID_913143482356785152,Unknown
ID_913149049624244224,Unknown
ID_913178966827130880,Puerto Rico
ID_913186608794492928,Unknown
ID_913187481054523392,Unknown
ID_913190717391904768,Puerto Rico
ID_913202569949974528,Mexico
ID_913214803048415232,PuertoRico
ID_913225453741248512,Unknown
ID_913227237398376448,Puerto Rico
ID_913232498498383872,Mexico City
ID_913236331374903296,Puerto Rico
ID_913239991001563136,Unknown
ID_913242333663113216,Mexicos
ID_913243861430013952,Unknown
ID_913250562740600832,Puerto Rico
ID_913267317659668480,Unknown
ID_913277745043578880,Puerto Rico
ID_913301681466740736,Puerto Rico
ID_913302215284191232,Unknown
ID_913332504374980608,Mexico City
ID_913335305041723392,Mexico
ID_913341422836883456,PuertoRico
ID_913356409919594496,Mexico City
ID_913359867880067072,Mexico
ID_913364108992491520,Unknown
ID_913366359194656768,Puerto Rico
ID_913386830183231488,Mexico
ID_913398745563373568,PuertoRico
ID_913413595131633664,Unknown
ID_913422590282207232,Unknown
ID_913424297212948480,Puerto Rico
ID_913458667625881600,Mexico
ID_913476297463971840,Mexico
ID_913479217047834624,Mexico
ID_913494883582615552,Mexico City
ID_913521562782797824,Mexico City
ID_913530733347532800,Unknown
ID_913583959631687680,Puerto Rico
ID_913592859932217344,Unknown
ID_913607848789082112,Mexico
ID_913689770353717248,Mexico
ID_913693807727783936,PuertoRico
ID_913710782235516928,Mexico
ID_913790494009970688,Puerto Rico
ID_913803179778768896,Puerto Rico
ID_913810464685137920,Puerto Rico
ID_913817901613776896,Mexico
ID_913822449388711936,Unknown
ID_913832438824136704,Puerto Rico
ID_913833895770120192,Puerto Rico
ID_913844147752194048,Puerto Rico
ID_913846824452149248,Unknown
ID_913852993065439232,Puerto Rico
ID_913854535298420736,Unknown
ID_913878828841398272,Mexico
ID_913880080216182784,PuertoRico
ID_913886194538307584,Mexico
ID_913894924931801088,Puerto Rico
ID_913904413852487680,Unknown
ID_913928659811135488,Unknown
ID_913966482647785472,Unknown
ID_913970828215189504,PuertoRico
ID_913983536113139712,Mexico
ID_913985824328384512,Unknown
ID_914124422088232960,Unknown
ID_914142705227141120,PuertoRico
ID_914154121061691392,Puerto Rico
ID_914154617084067840,Unknown
ID_914178568611090432,Dominica
ID_914190210728173568,Unknown
ID_914191174285631488,PuertoRico
ID_914199144960610304,Dominica
ID_914204473811177472,Puerto Rico
ID_914205749013893120,Unknown
ID_914207592683118592,Puerto Rico
ID_914221752225591296,PuertoRico
ID_914226747268141056,Unknown
ID_914240444040601600,Puerto Rico
ID_914245013235679232,Mexico
ID_914251142724325376,Puerto Rico
ID_914329624015982592,Mexico
ID_914349312611627008,Mexico
ID_914462276073205760,Unknown
ID_914482198409043968,Puerto Rico
ID_914494171125370880,Puerto Rico
ID_914521240030908416,Dominica
ID_914526459087265792,Puerto Rico
ID_914532677591666688,PuertoRico
ID_914537762342281216,Puerto Rico
ID_914538959048384512,Mexico
ID_914553912623079424,Puerto Rico
ID_914577936640040960,Puerto Rico
ID_914580314416123904,PuertoRico
ID_914604759222505472,Puerto Rico
ID_914613591675932672,Mexico
ID_914636426779664384,Unknown
ID_914666000825634816,Mexico City
ID_914736485391269888,Unknown
ID_914761195172667392,Mexicos
ID_914839324566233088,Puerto Rico
ID_914839889178488832,PuertoRico
ID_914846223735054336,Unknown
ID_914847365739302912,Florida
ID_914853449023533056,Unknown
ID_914884223567360000,Puerto Rico
ID_914896320233709568,Puerto Rico
ID_914900524956360704,Mexico
ID_914902758939033600,Puerto Rico
ID_914921321070460928,Dominica
ID_914960696646959104,Puerto Rico
ID_914963388840767488,Unknown
ID_914986320115593216,Puerto Rico
ID_914988875390619648,Unknown
ID_914995385743167488,Puerto Rico
ID_915002992214110208,Mexico
ID_915017703055749120,Mexico
ID_915026957758328832,Mexico
ID_915253441726889984,Mexico City
ID_915971980859400192,Unknown
ID_916099144116191232,Mexico
